头实体,关系,尾实体,依据,文献,品种,关系数量
1：1 000倍叶面肥 1,促进,氨基酸,同时可以提高茶叶氨基酸含量，而茶多酚含量变化不大,喷施叶面肥对春茶产量及品质的影响,春茶,1
1：1 000倍叶面肥 1,无影响,茶多酚,同时可以提高茶叶氨基酸含量，而茶多酚含量变化不大,喷施叶面肥对春茶产量及品质的影响,春茶,1
1：1 000倍叶面肥 1,促进,氮,此外，在采摘前中期，施用叶面肥 1 和叶面肥 2 可适当促进茶树对氮、磷、钾的吸收。,喷施叶面肥对春茶产量及品质的影响,春茶,1
1：1 000倍叶面肥 1,促进,钾,此外，在采摘前中期，施用叶面肥 1 和叶面肥 6 可适当促进茶树对氮、磷、钾的吸收。,喷施叶面肥对春茶产量及品质的影响,春茶,1
1：1 000倍叶面肥 1,促进,磷,此外，在采摘前中期，施用叶面肥 1 和叶面肥 4 可适当促进茶树对氮、磷、钾的吸收。,喷施叶面肥对春茶产量及品质的影响,春茶,1
1：1 000倍叶面肥 2,促进,氨基酸,同时可以提高茶叶氨基酸含量，而茶多酚含量变化不大,喷施叶面肥对春茶产量及品质的影响,春茶,1
1：1 000倍叶面肥 2,无影响,茶多酚,同时可以提高茶叶氨基酸含量，而茶多酚含量变化不大,喷施叶面肥对春茶产量及品质的影响,春茶,1
1：1 000倍叶面肥 2,促进,氮,此外，在采摘前中期，施用叶面肥 1 和叶面肥 3 可适当促进茶树对氮、磷、钾的吸收。,喷施叶面肥对春茶产量及品质的影响,春茶,1
1：1 000倍叶面肥 2,促进,钾,此外，在采摘前中期，施用叶面肥 1 和叶面肥 7 可适当促进茶树对氮、磷、钾的吸收。,喷施叶面肥对春茶产量及品质的影响,春茶,1
1：1 000倍叶面肥 2,促进,磷,此外，在采摘前中期，施用叶面肥 1 和叶面肥 5 可适当促进茶树对氮、磷、钾的吸收。,喷施叶面肥对春茶产量及品质的影响,春茶,1
50%施氮量,促进,可溶性蛋白,与NL相比，50%NL显著降低了无蚜茶苗叶片SPs（-15.90%）、SSs（-68.95%）和FFAs（-23.58%）含量，70%NL也显著降低了无蚜茶苗叶片SSs含量（-39.24%）(P<0.05；图3A)，而50%NL显著提高了叶片SPs（+40.89%）、SSs（+89.81%）和FAAs含量，蚜虫侵染显著增加（+42.96%）,"Infuence of?reduced N-fertilizer application 
on?foliar chemicals and?functional qualities 
of?tea plants under?Toxoptera?aurantii infestation",龙井茶,1
50%施氮量,促进,可溶性糖,与NL相比，50%NL显著降低了无蚜茶苗叶片SPs（-15.90%）、SSs（-68.95%）和FFAs（-23.58%）含量，70%NL也显著降低了无蚜茶苗叶片SSs含量（-39.24%）(P<0.05；图3A)，而50%NL显著提高了叶片SPs（+40.89%）、SSs（+89.81%）和FAAs含量，蚜虫侵染显著增加（+42.97%）,"Infuence of?reduced N-fertilizer application 
on?foliar chemicals and?functional qualities 
of?tea plants under?Toxoptera?aurantii infestation",龙井茶,1
50%施氮量,促进,游离脂肪酸,与NL相比，50%NL显著降低了无蚜茶苗叶片SPs（-15.90%）、SSs（-68.95%）和FFAs（-23.58%）含量，70%NL也显著降低了无蚜茶苗叶片SSs含量（-39.24%）(P<0.05；图3A)，而50%NL显著提高了叶片SPs（+40.89%）、SSs（+89.81%）和FAAs含量，蚜虫侵染显著增加（+42.98%）,"Infuence of?reduced N-fertilizer application 
on?foliar chemicals and?functional qualities 
of?tea plants under?Toxoptera?aurantii infestation",龙井茶,1
Sesbania cannabina 间作,促进,氨基酸,SC间作提高了茶叶氨基酸含量、土壤有机碳（SOC）、酸性磷酸酶（ACP）、酸性蛋白酶（ACPT）和细菌多样性。,The Effect of Intercropping with Different Leguminous Green Manures on the Soil Environment and Tea Quality in Tea Plantations,湖南绿茶,1
γ-氨基丁酸,促进,苦略甜,表9 遮荫处理下鲜叶的游离氨基酸组分分析,四川茶区遮荫栽培对绿茶产量及制茶品质的综合影响,通用,1
氨基酸,促进,鲜爽,气温低时，氨基酸、蛋白质及一些含氮化合物增 加，形成了茶叶鲜爽的滋味特点。 ,山东绿茶品质的影响因素分析,山东绿茶/通用,1
苯丙氨酸 ,促进,甜略苦,表9 遮荫处理下鲜叶的游离氨基酸组分分析,四川茶区遮荫栽培对绿茶产量及制茶品质的综合影响,通用,1
丙氨酸 ,促进,甜,表9 遮荫处理下鲜叶的游离氨基酸组分分析,四川茶区遮荫栽培对绿茶产量及制茶品质的综合影响,通用,1
茶氨酸 ,促进,甜,"茶氨酸可缓解茶汤的苦涩味,增强甜味,提升茶氨酸含量对良好滋味的形成有重要意义。",四川茶区遮荫栽培对绿茶产量及制茶品质的综合影响,四川绿茶,1
茶氨酸 ,促进,鲜爽,表9 遮荫处理下鲜叶的游离氨基酸组分分析,四川茶区遮荫栽培对绿茶产量及制茶品质的综合影响,通用,1
茶板栗间作,促进,d -木糖和糖醇,间作条件下，鼠李糖、麦芽糖二糖、d -木糖和糖醇、利比醇、l -二糖醇、d -苏糖醇含量均上调,Non-targeted and targeted metabolomics profiling of tea plants (Camellia sinensis) in response to its intercropping with Chinese chestnut,宝洪茶,1
茶板栗间作,促进,d -苏糖醇,间作条件下，鼠李糖、麦芽糖二糖、d -木糖和糖醇、利比醇、l -二糖醇、d -苏糖醇含量均上调,Non-targeted and targeted metabolomics profiling of tea plants (Camellia sinensis) in response to its intercropping with Chinese chestnut,宝洪茶,1
茶板栗间作,促进,l -二糖醇,间作条件下，鼠李糖、麦芽糖二糖、d -木糖和糖醇、利比醇、l -二糖醇、d -苏糖醇含量均上调,Non-targeted and targeted metabolomics profiling of tea plants (Camellia sinensis) in response to its intercropping with Chinese chestnut,宝洪茶,1
茶板栗间作,促进,γ-氨基丁酸,GABA （γ-氨基丁酸）是一种非蛋白质氨基酸，是一种重要的生物活性茶叶成分，具有多种健康益处[25]，在间作样品中比单作样品上调1.62倍。,Non-targeted and targeted metabolomics profiling of tea plants (Camellia sinensis) in response to its intercropping with Chinese chestnut,宝洪茶,1
茶板栗间作,促进,氨基酸,80T栽培的板栗间作绿茶的多酚和氨基酸比值最低，间作保洪绿茶中氨基酸含量较高，多酚含量较低，导致茶多酚与氨基酸比值较低，特别是80 T样品,Non-targeted and targeted metabolomics profiling of tea plants (Camellia sinensis) in response to its intercropping with Chinese chestnut,宝洪茶,1
茶板栗间作,促进,苯丙氨酸,间作的l -丙氨酸（Ala）、l -脯氨酸（Pro）、苯丙氨酸（Phe）、l -丝氨酸（Ser）和l -谷氨酰胺（Gln）含量明显高于单作。,Non-targeted and targeted metabolomics profiling of tea plants (Camellia sinensis) in response to its intercropping with Chinese chestnut,宝洪茶,1
茶板栗间作,促进,丙氨酸,间作的l -丙氨酸（Ala）、l -脯氨酸（Pro）、苯丙氨酸（Phe）、l -丝氨酸（Ser）和l -谷氨酰胺（Gln）含量明显高于单作。,Non-targeted and targeted metabolomics profiling of tea plants (Camellia sinensis) in response to its intercropping with Chinese chestnut,宝洪茶,1
茶板栗间作,无影响,茶氨酸,茶氨酸的差异没有统计学意义，这表明间作对口感的改善并不依赖于茶氨酸。这里不否认茶氨酸在味觉中的作用，但这只是表明间作制度和纯茶园之间茶氨酸含量的微小差异。,Non-targeted and targeted metabolomics profiling of tea plants (Camellia sinensis) in response to its intercropping with Chinese chestnut,宝洪茶,1
茶板栗间作,促进,蛋氨酸,"在调高的促味氨基酸中，l -蛋氨酸（Met）、Pro、Ala、l -苏氨酸（Thr）和Ser是甜味化合物；谷氨酸（Glu）、谷氨酸（Gln）、l -天冬氨酸（Asn）和l -天冬氨酸（Asp）构成鲜味；苯丙氨酸和l -甘氨酸（Gly）产生花香[Yu and Yang综述][18]。Asn在间作中上调幅度最大（3.30倍）。值得注意的是，对口感贡献最大的氨基酸，如Glu、Asp和Gln，在间作体系中浓度均在10,000 nmol/g以上，为间作体系中生产优质绿茶提供了丰富的原料",Non-targeted and targeted metabolomics profiling of tea plants (Camellia sinensis) in response to its intercropping with Chinese chestnut,宝洪茶,1
茶板栗间作,抑制,多酚,80T栽培的板栗间作绿茶的多酚和氨基酸比值最低，间作保洪绿茶中氨基酸含量较高，多酚含量较低，导致茶多酚与氨基酸比值较低，特别是80 T样品,Non-targeted and targeted metabolomics profiling of tea plants (Camellia sinensis) in response to its intercropping with Chinese chestnut,宝洪茶,1
茶板栗间作,抑制,酚氨比,80T栽培的板栗间作绿茶的多酚和氨基酸比值最低，间作保洪绿茶中氨基酸含量较高，多酚含量较低，导致茶多酚与氨基酸比值较低，特别是80 T样品。,Non-targeted and targeted metabolomics profiling of tea plants (Camellia sinensis) in response to its intercropping with Chinese chestnut,宝洪茶,1
茶板栗间作,促进,谷氨酸,"在调高的促味氨基酸中，l -蛋氨酸（Met）、Pro、Ala、l -苏氨酸（Thr）和Ser是甜味化合物；谷氨酸（Glu）、谷氨酸（Gln）、l -天冬氨酸（Asn）和l -天冬氨酸（Asp）构成鲜味；苯丙氨酸和l -甘氨酸（Gly）产生花香[Yu and Yang综述][18]。Asn在间作中上调幅度最大（3.30倍）。值得注意的是，对口感贡献最大的氨基酸，如Glu、Asp和Gln，在间作体系中浓度均在10,003 nmol/g以上，为间作体系中生产优质绿茶提供了丰富的原料",Non-targeted and targeted metabolomics profiling of tea plants (Camellia sinensis) in response to its intercropping with Chinese chestnut,宝洪茶,1
茶板栗间作,促进,谷氨酰胺,间作的l -丙氨酸（Ala）、l -脯氨酸（Pro）、苯丙氨酸（Phe）、l -丝氨酸（Ser）和l -谷氨酰胺（Gln）含量明显高于单作。,Non-targeted and targeted metabolomics profiling of tea plants (Camellia sinensis) in response to its intercropping with Chinese chestnut,宝洪茶,1
茶板栗间作,促进,黄嘌呤酸,两种模式下间作样品的黄嘌呤酸（XA）含量均高于T处理样品，而犬尿酸（KA）含量均低于T处理样品,Non-targeted and targeted metabolomics profiling of tea plants (Camellia sinensis) in response to its intercropping with Chinese chestnut,宝洪茶,1
茶板栗间作,抑制,苦黄酮,套作中尿囊酸、糖、糖醇和油酸含量高于单作，苦黄酮含量低于单作,Non-targeted and targeted metabolomics profiling of tea plants (Camellia sinensis) in response to its intercropping with Chinese chestnut,宝洪茶,1
茶板栗间作,促进,利比醇,间作条件下，鼠李糖、麦芽糖二糖、d -木糖和糖醇、利比醇、l -二糖醇、d -苏糖醇含量均上调,Non-targeted and targeted metabolomics profiling of tea plants (Camellia sinensis) in response to its intercropping with Chinese chestnut,宝洪茶,1
茶板栗间作,促进,麦芽糖二糖,间作条件下，鼠李糖、麦芽糖二糖、d -木糖和糖醇、利比醇、l -二糖醇、d -苏糖醇含量均上调,Non-targeted and targeted metabolomics profiling of tea plants (Camellia sinensis) in response to its intercropping with Chinese chestnut,宝洪茶,1
茶板栗间作,促进,茉莉内酯,间作条件下，茉莉内酯、油酸和硬脂酰肉碱等脂质上调,Non-targeted and targeted metabolomics profiling of tea plants (Camellia sinensis) in response to its intercropping with Chinese chestnut,宝洪茶,1
茶板栗间作,促进,尿囊酸,套作中尿囊酸、糖、糖醇和油酸含量高于单作，苦黄酮含量低于单作;与单作相比，间作中11种有机酸显著上调，7种显著下调。尿囊酸的偶联酸尿囊酸上调幅度最大（3.3倍）,Non-targeted and targeted metabolomics profiling of tea plants (Camellia sinensis) in response to its intercropping with Chinese chestnut,宝洪茶,2
茶板栗间作,促进,脯氨酸,间作的l -丙氨酸（Ala）、l -脯氨酸（Pro）、苯丙氨酸（Phe）、l -丝氨酸（Ser）和l -谷氨酰胺（Gln）含量明显高于单作。,Non-targeted and targeted metabolomics profiling of tea plants (Camellia sinensis) in response to its intercropping with Chinese chestnut,宝洪茶,1
茶板栗间作,促进,芹菜素,黄酮类化合物仅在阳性模式下检测到；其中2个显著上调，4个显著下调。芹菜素增加1.76倍,Non-targeted and targeted metabolomics profiling of tea plants (Camellia sinensis) in response to its intercropping with Chinese chestnut,宝洪茶,1
茶板栗间作,抑制,犬尿酸,两种模式下间作样品的黄嘌呤酸（XA）含量均高于T处理样品，而犬尿酸（KA）含量均低于T处理样品,Non-targeted and targeted metabolomics profiling of tea plants (Camellia sinensis) in response to its intercropping with Chinese chestnut,宝洪茶,1
茶板栗间作,促进,鼠李糖,间作条件下，鼠李糖、麦芽糖二糖、d -木糖和糖醇、利比醇、l -二糖醇、d -苏糖醇含量均上调,Non-targeted and targeted metabolomics profiling of tea plants (Camellia sinensis) in response to its intercropping with Chinese chestnut,宝洪茶,1
茶板栗间作,促进,丝氨酸,间作的l -丙氨酸（Ala）、l -脯氨酸（Pro）、苯丙氨酸（Phe）、l -丝氨酸（Ser）和l -谷氨酰胺（Gln）含量明显高于单作。,Non-targeted and targeted metabolomics profiling of tea plants (Camellia sinensis) in response to its intercropping with Chinese chestnut,宝洪茶,1
茶板栗间作,促进,苏氨酸,"在调高的促味氨基酸中，l -蛋氨酸（Met）、Pro、Ala、l -苏氨酸（Thr）和Ser是甜味化合物；谷氨酸（Glu）、谷氨酸（Gln）、l -天冬氨酸（Asn）和l -天冬氨酸（Asp）构成鲜味；苯丙氨酸和l -甘氨酸（Gly）产生花香[Yu and Yang综述][18]。Asn在间作中上调幅度最大（3.30倍）。值得注意的是，对口感贡献最大的氨基酸，如Glu、Asp和Gln，在间作体系中浓度均在10,001 nmol/g以上，为间作体系中生产优质绿茶提供了丰富的原料",Non-targeted and targeted metabolomics profiling of tea plants (Camellia sinensis) in response to its intercropping with Chinese chestnut,宝洪茶,1
茶板栗间作,促进,糖,套作中尿囊酸、糖、糖醇和油酸含量高于单作，苦黄酮含量低于单作,Non-targeted and targeted metabolomics profiling of tea plants (Camellia sinensis) in response to its intercropping with Chinese chestnut,宝洪茶,1
茶板栗间作,促进,糖醇,套作中尿囊酸、糖、糖醇和油酸含量高于单作，苦黄酮含量低于单作,Non-targeted and targeted metabolomics profiling of tea plants (Camellia sinensis) in response to its intercropping with Chinese chestnut,宝洪茶,1
茶板栗间作,促进,天冬氨酸,"在调高的促味氨基酸中，l -蛋氨酸（Met）、Pro、Ala、l -苏氨酸（Thr）和Ser是甜味化合物；谷氨酸（Glu）、谷氨酸（Gln）、l -天冬氨酸（Asn）和l -天冬氨酸（Asp）构成鲜味；苯丙氨酸和l -甘氨酸（Gly）产生花香[Yu and Yang综述][18]。Asn在间作中上调幅度最大（3.30倍）。值得注意的是，对口感贡献最大的氨基酸，如Glu、Asp和Gln，在间作体系中浓度均在10,002 nmol/g以上，为间作体系中生产优质绿茶提供了丰富的原料",Non-targeted and targeted metabolomics profiling of tea plants (Camellia sinensis) in response to its intercropping with Chinese chestnut,宝洪茶,1
茶板栗间作,促进,香气,板栗茶间作对保红绿茶的口感和香气有积极的影响，特别是对80年代种植的板栗茶有积极的影响,Non-targeted and targeted metabolomics profiling of tea plants (Camellia sinensis) in response to its intercropping with Chinese chestnut,宝洪茶,1
茶板栗间作,促进,硬脂酰肉碱,间作条件下，茉莉内酯、油酸和硬脂酰肉碱等脂质上调,Non-targeted and targeted metabolomics profiling of tea plants (Camellia sinensis) in response to its intercropping with Chinese chestnut,宝洪茶,1
茶板栗间作,促进,油酸,套作中尿囊酸、糖、糖醇和油酸含量高于单作，苦黄酮含量低于单作;间作条件下，茉莉内酯、油酸和硬脂酰肉碱等脂质上调,Non-targeted and targeted metabolomics profiling of tea plants (Camellia sinensis) in response to its intercropping with Chinese chestnut,宝洪茶,2
茶板栗间作,促进,滋味,板栗茶间作对保红绿茶的口感和香气有积极的影响，特别是对80年代种植的板栗茶有积极的影响,Non-targeted and targeted metabolomics profiling of tea plants (Camellia sinensis) in response to its intercropping with Chinese chestnut,宝洪茶,1
茶多酚,促进,苦涩味,遮光后茶叶茶多酚、粗纤维含量减少，叶绿素、咖啡碱、氨基酸含量增加 ，茶叶的持嫩性增加、苦涩味减少、鲜爽度提高颜色要较对照绿，绿茶的品质得到提高;遮荫后，茶叶茶多酚、粗纤维含量减少，相比对照，茶多酚最高减少13.45%，粗纤维最多减少56.4%:叶绿素、咖啡碱、氨基酸含量增加，相比对照，三者的增加最大值分别为40.65%、18.80%和15.100%。故遮荫后茶叶的持嫩性增加、苦涩味减少、鲜爽度提高，颜色较对照绿，绿茶的品质得到提高。,生境管理对亚热带丘陵茶园生态环境与茶叶品质的影响;茶园遮荫栽培与茶叶品质相关性机理的研究,亚热带丘陵茶,2
茶杉复合栽培,促进,氨基酸,茶杉复合茶园茶叶中氨基酸、叶绿素、咖啡碱和水浸出物的含量均不同程度高于单一茶园，儿茶素和茶多酚总量均低于单一茶园?茶杉复合茶园鲜叶制作的夏秋茶表现为外形色泽翠绿，汤色翠绿明亮，香味栗香持久，叶底黄绿鲜活，整体感官评价明显优于单一茶园,生境管理对亚热带丘陵茶园生态环境与茶叶品质的影响,亚热带丘陵茶,1
茶杉复合栽培,抑制,茶多酚,茶杉复合茶园茶叶中氨基酸、叶绿素、咖啡碱和水浸出物的含量均不同程度高于单一茶园，儿茶素和茶多酚总量均低于单一茶园?茶杉复合茶园鲜叶制作的夏秋茶表现为外形色泽翠绿，汤色翠绿明亮，香味栗香持久，叶底黄绿鲜活，整体感官评价明显优于单一茶园,生境管理对亚热带丘陵茶园生态环境与茶叶品质的影响,亚热带丘陵茶,1
茶杉复合栽培,抑制,翠绿明亮,茶杉复合茶园茶叶中氨基酸、叶绿素、咖啡碱和水浸出物的含量均不同程度高于单一茶园，儿茶素和茶多酚总量均低于单一茶园?茶杉复合茶园鲜叶制作的夏秋茶表现为外形色泽翠绿，汤色翠绿明亮，香味栗香持久，叶底黄绿鲜活，整体感官评价明显优于单一茶园,生境管理对亚热带丘陵茶园生态环境与茶叶品质的影响,亚热带丘陵茶,1
茶杉复合栽培,抑制,儿茶素,茶杉复合茶园茶叶中氨基酸、叶绿素、咖啡碱和水浸出物的含量均不同程度高于单一茶园，儿茶素和茶多酚总量均低于单一茶园?茶杉复合茶园鲜叶制作的夏秋茶表现为外形色泽翠绿，汤色翠绿明亮，香味栗香持久，叶底黄绿鲜活，整体感官评价明显优于单一茶园,生境管理对亚热带丘陵茶园生态环境与茶叶品质的影响,亚热带丘陵茶,1
茶杉复合栽培,抑制,黄绿鲜活,茶杉复合茶园茶叶中氨基酸、叶绿素、咖啡碱和水浸出物的含量均不同程度高于单一茶园，儿茶素和茶多酚总量均低于单一茶园?茶杉复合茶园鲜叶制作的夏秋茶表现为外形色泽翠绿，汤色翠绿明亮，香味栗香持久，叶底黄绿鲜活，整体感官评价明显优于单一茶园,生境管理对亚热带丘陵茶园生态环境与茶叶品质的影响,亚热带丘陵茶,1
茶杉复合栽培,促进,咖啡碱,茶杉复合茶园茶叶中氨基酸、叶绿素、咖啡碱和水浸出物的含量均不同程度高于单一茶园，儿茶素和茶多酚总量均低于单一茶园?茶杉复合茶园鲜叶制作的夏秋茶表现为外形色泽翠绿，汤色翠绿明亮，香味栗香持久，叶底黄绿鲜活，整体感官评价明显优于单一茶园,生境管理对亚热带丘陵茶园生态环境与茶叶品质的影响,亚热带丘陵茶,1
茶杉复合栽培,抑制,栗香持久,茶杉复合茶园茶叶中氨基酸、叶绿素、咖啡碱和水浸出物的含量均不同程度高于单一茶园，儿茶素和茶多酚总量均低于单一茶园?茶杉复合茶园鲜叶制作的夏秋茶表现为外形色泽翠绿，汤色翠绿明亮，香味栗香持久，叶底黄绿鲜活，整体感官评价明显优于单一茶园,生境管理对亚热带丘陵茶园生态环境与茶叶品质的影响,亚热带丘陵茶,1
茶杉复合栽培,抑制,色泽翠绿,茶杉复合茶园茶叶中氨基酸、叶绿素、咖啡碱和水浸出物的含量均不同程度高于单一茶园，儿茶素和茶多酚总量均低于单一茶园?茶杉复合茶园鲜叶制作的夏秋茶表现为外形色泽翠绿，汤色翠绿明亮，香味栗香持久，叶底黄绿鲜活，整体感官评价明显优于单一茶园,生境管理对亚热带丘陵茶园生态环境与茶叶品质的影响,亚热带丘陵茶,1
茶杉复合栽培,促进,水浸出物,茶杉复合茶园茶叶中氨基酸、叶绿素、咖啡碱和水浸出物的含量均不同程度高于单一茶园，儿茶素和茶多酚总量均低于单一茶园?茶杉复合茶园鲜叶制作的夏秋茶表现为外形色泽翠绿，汤色翠绿明亮，香味栗香持久，叶底黄绿鲜活，整体感官评价明显优于单一茶园,生境管理对亚热带丘陵茶园生态环境与茶叶品质的影响,亚热带丘陵茶,1
茶杉复合栽培,促进,叶绿素,茶杉复合茶园茶叶中氨基酸、叶绿素、咖啡碱和水浸出物的含量均不同程度高于单一茶园，儿茶素和茶多酚总量均低于单一茶园?茶杉复合茶园鲜叶制作的夏秋茶表现为外形色泽翠绿，汤色翠绿明亮，香味栗香持久，叶底黄绿鲜活，整体感官评价明显优于单一茶园,生境管理对亚热带丘陵茶园生态环境与茶叶品质的影响,亚热带丘陵茶,1
大豆间作茶树,促进,氨基酸,黄云英盛花期，大豆间作茶树的茶氨基酸和可溶性糖含量分别增加了6.89%和54.58%。,Leguminous green manure intercropping changes the soil microbial community and increases soil nutrients and key quality components of tea leaves,不明,1
大豆间作茶树,促进,可溶性糖,黄云英盛花期，大豆间作茶树的茶氨基酸和可溶性糖含量分别增加了6.89%和54.59%。,Leguminous green manure intercropping changes the soil microbial community and increases soil nutrients and key quality components of tea leaves,不明,1
单施有机肥,促进,氨基酸,单施有机肥和混施有机肥的茶叶中茶多酚、咖啡碱、氨基酸和水浸出物的含量均显著增加，酚氨比减小,不同有机肥处理对茶园土壤茶树生长及茶叶品质的影响,陕西茶,1
单施有机肥,促进,茶多酚,单施有机肥和混施有机肥的茶叶中茶多酚、咖啡碱、氨基酸和水浸出物的含量均显著增加，酚氨比减小,不同有机肥处理对茶园土壤茶树生长及茶叶品质的影响,陕西茶,1
单施有机肥,抑制,酚氨比,单施有机肥和混施有机肥的茶叶中茶多酚、咖啡碱、氨基酸和水浸出物的含量均显著增加，酚氨比减小,不同有机肥处理对茶园土壤茶树生长及茶叶品质的影响,陕西茶,1
单施有机肥,促进,咖啡碱,单施有机肥和混施有机肥的茶叶中茶多酚、咖啡碱、氨基酸和水浸出物的含量均显著增加，酚氨比减小,不同有机肥处理对茶园土壤茶树生长及茶叶品质的影响,陕西茶,1
单施有机肥,促进,水浸出物,单施有机肥和混施有机肥的茶叶中茶多酚、咖啡碱、氨基酸和水浸出物的含量均显著增加，酚氨比减小,不同有机肥处理对茶园土壤茶树生长及茶叶品质的影响,陕西茶,1
蛋氨酸 ,促进,甜,表9 遮荫处理下鲜叶的游离氨基酸组分分析,四川茶区遮荫栽培对绿茶产量及制茶品质的综合影响,通用,1
蛋白质,促进,鲜爽,气温低时，氨基酸、蛋白质及一些含氮化合物增 加，形成了茶叶鲜爽的滋味特点。 ,山东绿茶品质的影响因素分析,山东绿茶/通用,1
短期遮阴,促进,叶绿素,一些作物遮荫后在较短期内叶绿素含量会增加,四川茶区遮荫栽培对绿茶产量及制茶品质的综合影响,四川绿茶,1
儿茶素,促进,鲜爽,遮荫有利于茶树简单儿茶素的积累，‘福鼎大白茶’、‘三花1951’在遮蔽栽培后，苦涩味指数下降 17.99%、12.27%，对于春末绿茶出现“鲜爽”感官品质具有重要贡献,四川茶区遮荫栽培对绿茶产量及制茶品质的综合影响,四川绿茶/通用,1
风速,抑制,酚氨比值,说明平均风速对绿茶品质形成有一定影响，平均风速＜1.5 m/s时样本的氨酚比更大。,湖北省绿茶气候品质综合指数模型研究,湖北绿茶,1
甘氨酸 ,促进,甜,表9 遮荫处理下鲜叶的游离氨基酸组分分析,四川茶区遮荫栽培对绿茶产量及制茶品质的综合影响,通用,1
干旱,促进,氨基酸,咖啡因、氨基酸和茶多酚等物质是茶叶品质的重要组成部分，干旱胁迫下茶叶中的总游离氨基酸、咖啡碱、总儿茶素等含量减少,影响茶树生长和茶叶品质的主要环境因子及其适应机制,通用,1
干旱,抑制,氨基酸,"在水分胁迫下,茶树叶片碳氮合成代谢会减弱,使氨基酸和蛋白质的合成遭受严重影响,干早会促使叶片老化,使茶树新梢中茶多酚、素咖啡碱等含量显著降低，导致茶叶的品质下降。",高温干旱对茶树生长和品质影响机理的研究进展,通用,1
干旱,抑制,茶多酚,"在水分胁迫下,茶树叶片碳氮合成代谢会减弱,使氨基酸和蛋白质的合成遭受严重影响,干早会促使叶片老化,使茶树新梢中茶多酚、素咖啡碱等含量显著降低，导致茶叶的品质下降。",高温干旱对茶树生长和品质影响机理的研究进展,通用,1
干旱,抑制,蛋白质,"在水分胁迫下,茶树叶片碳氮合成代谢会减弱,使氨基酸和蛋白质的合成遭受严重影响,干早会促使叶片老化,使茶树新梢中茶多酚、素咖啡碱等含量显著降低，导致茶叶的品质下降。",高温干旱对茶树生长和品质影响机理的研究进展,通用,1
干旱,促进,儿茶素,咖啡因、氨基酸和茶多酚等物质是茶叶品质的重要组成部分，干旱胁迫下茶叶中的总游离氨基酸、咖啡碱、总儿茶素等含量减少,影响茶树生长和茶叶品质的主要环境因子及其适应机制,通用,1
干旱,促进,咖啡碱,咖啡因、氨基酸和茶多酚等物质是茶叶品质的重要组成部分，干旱胁迫下茶叶中的总游离氨基酸、咖啡碱、总儿茶素等含量减少,影响茶树生长和茶叶品质的主要环境因子及其适应机制,通用,1
干旱,抑制,素咖啡碱,"在水分胁迫下,茶树叶片碳氮合成代谢会减弱,使氨基酸和蛋白质的合成遭受严重影响,干早会促使叶片老化,使茶树新梢中茶多酚、素咖啡碱等含量显著降低，导致茶叶的品质下降。",高温干旱对茶树生长和品质影响机理的研究进展,通用,1
高温,先增后降,氨基酸,"叶片中氨基酸含量随温度( 35 ～ 40 ℃) 升高略有增加，而增
加量是由蛋白质和多肽在酶的催化下水解所得，之后随温度的
升高，氨基酸分解加快，积累量减少，同时高温影响根系对养分
的吸收，从而影响氨基酸的合成，使得氨基酸含量急剧下降。",高温干旱对茶树生长和品质影响机理的研究进展,通用,1
高温,抑制,碳水化合物,"另外，高温下呼吸作用增强，可溶性碳水化合物被大量消耗，因降解量大于合成量，导致碳水化合物含量
呈下降趋势。",高温干旱对茶树生长和品质影响机理的研究进展,通用,1
高温,抑制,叶绿素,高温对光合作用的影响，一方面是通过降低叶绿素含量致使光合速率下降。叶绿素 a 和叶绿素总量随温度的升高均呈下降趋势,高温干旱对茶树生长和品质影响机理的研究进展,通用,1
谷氨酸 ,促进,鲜爽,表9 遮荫处理下鲜叶的游离氨基酸组分分析,四川茶区遮荫栽培对绿茶产量及制茶品质的综合影响,通用,1
谷氨酰胺 ,促进,鲜爽,表9 遮荫处理下鲜叶的游离氨基酸组分分析,四川茶区遮荫栽培对绿茶产量及制茶品质的综合影响,通用,1
光合辐照度,抑制,汤色,"光合辐照度对铁观音茶感官品质的外形、香气、汤色、滋味、叶底均呈现负向影响，是影响
铁观音茶感官审评综合得分的重要因子。",影响铁观音茶树没食子酸含量和产量品质的生态因子及其优化方案研究,铁观音,1
光合辐照度,抑制,外形,"光合辐照度对铁观音茶感官品质的外形、香气、汤色、滋味、叶底均呈现负向影响，是影响
铁观音茶感官审评综合得分的重要因子。",影响铁观音茶树没食子酸含量和产量品质的生态因子及其优化方案研究,铁观音,1
光合辐照度,抑制,香气,"光合辐照度对铁观音茶感官品质的外形、香气、汤色、滋味、叶底均呈现负向影响，是影响
铁观音茶感官审评综合得分的重要因子。",影响铁观音茶树没食子酸含量和产量品质的生态因子及其优化方案研究,铁观音,1
光合辐照度,抑制,叶底,"光合辐照度对铁观音茶感官品质的外形、香气、汤色、滋味、叶底均呈现负向影响，是影响
铁观音茶感官审评综合得分的重要因子。",影响铁观音茶树没食子酸含量和产量品质的生态因子及其优化方案研究,铁观音,1
光合辐照度,抑制,滋味,"光合辐照度对铁观音茶感官品质的外形、香气、汤色、滋味、叶底均呈现负向影响，是影响
铁观音茶感官审评综合得分的重要因子。",影响铁观音茶树没食子酸含量和产量品质的生态因子及其优化方案研究,铁观音,1
光照,抑制,氨基酸,"遮荫有利于茶树游离氨基酸积累，遮荫栽培‘福鼎大白茶’游离氨基酸含量极显著高于不遮荫;遮荫后,2个品种鲜叶试样的水浸出物、儿茶素、咖啡碱、氨基酸含量显著增加,;除茶氨酸外,氨基酸组分变化总体呈增长趋势,按",四川茶区遮荫栽培对绿茶产量及制茶品质的综合影响,四川绿茶/通用;四川绿茶/福鼎大白茶/三花;四川绿茶/福鼎大白茶,3
光照,抑制,茶氨酸,"遮荫处理后,茶氨酸增量显著",四川茶区遮荫栽培对绿茶产量及制茶品质的综合影响,四川绿茶,1
光照,抑制,茶多酚,遮荫后，可溶性糖的增量较小，FF增加 0.56%，FS 增加 1.98%；此外，茶多酚含量 FF 下降6.10%，FS 降低 6.89%，儿茶素含量 FF 下降 3.18%，FS下降3.84%;前期日照时数的减少，茶叶中氨基酸和茶多酚含量将分别增加和下降。,四川茶区遮荫栽培对绿茶产量及制茶品质的综合影响;近55年来浙江省茶叶高温干旱灾害特征及防御技术研艽,四川绿茶;浙江绿茶,2
光照,抑制,儿茶素,"遮荫有利于茶树简单儿茶素的积累，‘福鼎大白茶’、‘三花1951’在遮蔽栽培后，苦涩味指数下降17.99%、12.28%，对于春末绿茶出现“鲜爽”感官品质具有重要贡献;遮荫后,2个品种鲜叶试样的水浸出物、儿茶素、咖啡碱、氨基酸含量显著增加,;遮荫后，可溶性糖的增量较小，FF增加 0.56%，FS 增加 1.98%；此外，茶多酚含量 FF 下降6.10%，FS 降低 6.89%，儿茶素含量 FF 下降 3.18%，FS下降3.85%;低强度短时间的光照促进茶树体内儿茶素的积累，而光照过多则会抑制儿茶素的积累。",四川茶区遮荫栽培对绿茶产量及制茶品质的综合影响;影响茶树生长和茶叶品质的主要环境因子及其适应机制,四川绿茶/通用;四川绿茶/福鼎大白茶/三花;四川绿茶;通用,4
光照,抑制,咖啡碱,"遮荫后,2个品种鲜叶试样的水浸出物、儿茶素、咖啡碱、氨基酸含量显著增加,",四川茶区遮荫栽培对绿茶产量及制茶品质的综合影响,四川绿茶/福鼎大白茶/三花,1
光照,抑制,可溶性糖,"遮荫后,可溶性糖的增量较小",四川茶区遮荫栽培对绿茶产量及制茶品质的综合影响,四川绿茶,1
光照,促进,苦,"遮荫后,FF与F相比,甜味、甜略苦、苦略甜、甜而回味苦有增加趋势,分别增加 0.02%、0.23%、0.99%、1.84%,而鲜爽味、苦味有下降趋势，分别下降2.69%、0.41%;;与S相比;遮荫后FS鲜爽味增加了3.05%,而甜味、甜略苦、苦味、苦略甜、甜而回味苦呈下降趋势,分别下降了1.53%、0.24%、0.01%、0.96%、0.34%。",四川茶区遮荫栽培对绿茶产量及制茶品质的综合影响,四川绿茶/福鼎大白茶;四川绿茶/三花1594,2
光照,促进,苦略甜,"与S相比;遮荫后FS鲜爽味增加了3.05%,而甜味、甜略苦、苦味、苦略甜、甜而回味苦呈下降趋势,分别下降了1.53%、0.24%、0.01%、0.96%、0.35%。",四川茶区遮荫栽培对绿茶产量及制茶品质的综合影响,四川绿茶/三花1595,1
光照,抑制,绿尚亮,"遮荫后叶底差异明显,均由黄绿尚亮转为绿尚亮。",四川茶区遮荫栽培对绿茶产量及制茶品质的综合影响,四川绿茶,1
光照,抑制,深绿,"外形上,遮荫采制茶样的色泽均为深绿。",四川茶区遮荫栽培对绿茶产量及制茶品质的综合影响,四川绿茶,1
光照,抑制,水浸出物,"遮荫后,2个品种鲜叶试样的水浸出物、儿茶素、咖啡碱、氨基酸含量显著增加,",四川茶区遮荫栽培对绿茶产量及制茶品质的综合影响,四川绿茶/福鼎大白茶/三花,1
光照,促进,汤色,"汤色上,遮荫后的评分均略有下降。",四川茶区遮荫栽培对绿茶产量及制茶品质的综合影响,四川绿茶/福鼎大白茶,1
光照,促进,甜,"与S相比;遮荫后FS鲜爽味增加了3.05%,而甜味、甜略苦、苦味、苦略甜、甜而回味苦呈下降趋势,分别下降了1.53%、0.24%、0.01%、0.96%、0.32%。",四川茶区遮荫栽培对绿茶产量及制茶品质的综合影响,四川绿茶/三花1592,1
光照,抑制,鲜爽,"与S相比;遮荫后FS鲜爽味增加了3.05%,而甜味、甜略苦、苦味、苦略甜、甜而回味苦呈下降趋势,分别下降了1.53%、0.24%、0.01%、0.96%、0.31%。;遮荫后的滋味表现为鲜爽或较鲜爽,其中FF滋味表现为“鲜爽”,可能是因为遮荫使得游离氨基酸含量上升。",四川茶区遮荫栽培对绿茶产量及制茶品质的综合影响,四川绿茶/三花1591;四川绿茶/福鼎大白茶,2
光照,抑制,香气持久,遮荫后FF香气更为持久。,四川茶区遮荫栽培对绿茶产量及制茶品质的综合影响,四川绿茶/福鼎大白茶,1
海拔,促进,氨基酸,"与平地茶相比，高山茶的酚氨比值小，氨基酸含量高，形成了滋味鲜浓
的高山茶特色。;随着海拔的升高，氨基酸含量逐渐升高，儿茶素含量呈现先降低后升高的趋势；儿茶素含量随海拔升高而变化；黄酮类（醇类）苷含量在各海拔范围内变化不明显。;在一定的海拔范围内，海拔升高会增强茶树的N代谢，有利于氨基酸等化合物的积累（Wang et al ., 2022b）。随着海拔的升高，氨基酸和咖啡因的含量增加，而茶多酚的丰度在海拔超过800 m后开始增加，然后开始下降（Wang et al, 2022c）",山东绿茶品质的影响因素分析;Comprehensive analysis of environmental factors on the quality of tea (Camellia sinensis var. sinensis) fresh leaves ,山东绿茶/通用;宣恩县茶;通用,3
海拔,促进,苯乙醇,在海拔700 ~ 799 m处，香叶醇和苯乙醇含量较低，但随海拔进一步升高而缓慢升高,Comprehensive analysis of environmental factors on the quality of tea (Camellia sinensis var. sinensis) fresh leaves ,通用,1
海拔,促进,茶氨酸,随海拔的升高，儿茶素和茶多酚含量随之减少，茶氨酸增加，某些鲜爽、清香型芳香物质大量积累，形成了山东绿茶香气纯正、滋味醇厚、口感鲜爽的特点。;茶氨酸含量的变化与总氨基酸含量的变化一致。,山东绿茶品质的影响因素分析;Comprehensive analysis of environmental factors on the quality of tea (Camellia sinensis var. sinensis) fresh leaves ,山东绿茶/通用;宣恩县茶,2
海拔,先增后降,茶多酚,"在一定的海拔范围内，海拔升高会增强茶树的N代谢，有利于氨基酸等化合物的积累（Wang et al ., 2022b）。随着海拔的升高，氨基酸和咖啡因的含量增加，而茶多酚的丰度在海拔超过800 m后开始增加，然后开始下降（Wang et al, 2024c）",Comprehensive analysis of environmental factors on the quality of tea (Camellia sinensis var. sinensis) fresh leaves ,通用,1
海拔,先降后增,儿茶素,随着海拔的升高，氨基酸含量逐渐升高，儿茶素含量呈现先降低后升高的趋势；儿茶素含量随海拔升高而变化；黄酮类（醇类）苷含量在各海拔范围内变化不明显。;随着海拔的升高，总儿茶素含量先下降后上升（表3）,Comprehensive analysis of environmental factors on the quality of tea (Camellia sinensis var. sinensis) fresh leaves ,宣恩县茶,2
海拔,促进,芳樟醇氧化物,芳樟醇氧化物I和II的含量随海拔的升高而升高，在600 ~ 699 m处达到峰值，随后随海拔的升高而降低。,Comprehensive analysis of environmental factors on the quality of tea (Camellia sinensis var. sinensis) fresh leaves ,通用,1
海拔,抑制,酚氨比值,"与平地茶相比，高山茶的酚氨比值小，氨基酸含量高，形成了滋味鲜浓
的高山茶特色。",山东绿茶品质的影响因素分析,山东绿茶/通用,1
海拔,促进,谷氨酸,海拔越高，天冬氨酸和谷氨酸含量越高,Comprehensive analysis of environmental factors on the quality of tea (Camellia sinensis var. sinensis) fresh leaves ,通用,1
海拔,促进,谷氨酰胺,谷氨酸和谷氨酰胺含量均随海拔升高而增加，在海拔700 ~ 799 m处达到峰值,Comprehensive analysis of environmental factors on the quality of tea (Camellia sinensis var. sinensis) fresh leaves ,宣恩县茶,1
海拔,无影响,黄酮类（醇类）,随着海拔的升高，氨基酸含量逐渐升高，儿茶素含量呈现先降低后升高的趋势；儿茶素含量随海拔升高而变化；黄酮类（醇类）苷含量在各海拔范围内变化不明显。;不同海拔地区的黄酮类（醇）苷含量差异不显著。,Comprehensive analysis of environmental factors on the quality of tea (Camellia sinensis var. sinensis) fresh leaves ,宣恩县茶,2
海拔,抑制,挥发性苷,"海拔高度与挥发油苷丰度呈负相关（相关系数为0.328,P < 0.01）。",Comprehensive analysis of environmental factors on the quality of tea (Camellia sinensis var. sinensis) fresh leaves ,宣恩县茶,1
海拔,促进,精氨酸,精氨酸的含量在不同海拔仅次于茶氨酸，随着海拔的增加而增加（表S17）。不同海拔地区茶叶鲜叶中氨基酸含量相对较高。,Comprehensive analysis of environmental factors on the quality of tea (Camellia sinensis var. sinensis) fresh leaves ,宣恩县茶,1
海拔,促进,咖啡因,"在一定的海拔范围内，海拔升高会增强茶树的N代谢，有利于氨基酸等化合物的积累（Wang et al ., 2022b）。随着海拔的升高，氨基酸和咖啡因的含量增加，而茶多酚的丰度在海拔超过800 m后开始增加，然后开始下降（Wang et al, 2023c）",Comprehensive analysis of environmental factors on the quality of tea (Camellia sinensis var. sinensis) fresh leaves ,通用,1
海拔,促进,七醛,"与低海拔地区的茶叶相比，高海拔地区茶叶中七醛和雪松醇的含量分别高出48%和60%，这是茶叶香气较高的主要原因（Liu et al ., 2015）",Comprehensive analysis of environmental factors on the quality of tea (Camellia sinensis var. sinensis) fresh leaves ,通用,1
海拔,促进,醛,醛、酮含量随海拔变化变化缓慢，总体随海拔升高而升高,Comprehensive analysis of environmental factors on the quality of tea (Camellia sinensis var. sinensis) fresh leaves ,通用,1
海拔,促进,水杨酸甲酯,水杨酸甲酯含量随海拔升高而缓慢上升，在海拔800 ~ 899 m处达到峰值，随后缓慢下降,Comprehensive analysis of environmental factors on the quality of tea (Camellia sinensis var. sinensis) fresh leaves ,通用,1
海拔,促进,酸,在海拔600 ~ 699 m处，酸含量相对较低，但随着海拔的升高而升高。,Comprehensive analysis of environmental factors on the quality of tea (Camellia sinensis var. sinensis) fresh leaves ,通用,1
海拔,促进,天冬氨酸,海拔越高，天冬氨酸和谷氨酸含量越高,Comprehensive analysis of environmental factors on the quality of tea (Camellia sinensis var. sinensis) fresh leaves ,通用,1
海拔,先增后降,萜烯醇,萜烯醇含量先升高，在海拔700 ~ 799 m处达到峰值（41.2%），然后随着海拔的升高而降低（表S10和S11）。,Comprehensive analysis of environmental factors on the quality of tea (Camellia sinensis var. sinensis) fresh leaves ,通用,1
海拔,促进,酮,醛、酮含量随海拔变化变化缓慢，总体随海拔升高而升高,Comprehensive analysis of environmental factors on the quality of tea (Camellia sinensis var. sinensis) fresh leaves ,通用,1
海拔,促进,香气,"与低海拔地区的茶叶相比，高海拔地区茶叶中七醛和雪松醇的含量分别高出48%和60%，这是茶叶香气较高的主要原因（Liu et al ., 2017）;与低海拔地区的茶叶相比，高海拔地区茶叶中七醛和雪松醇的含量分别高出48%和60%，这是茶叶香气较高的主要原因（Liu et al ., 2018）",Comprehensive analysis of environmental factors on the quality of tea (Camellia sinensis var. sinensis) fresh leaves ,通用,2
海拔,促进,香叶醇,在海拔700 ~ 799 m处，香叶醇和苯乙醇含量较低，但随海拔进一步升高而缓慢升高,Comprehensive analysis of environmental factors on the quality of tea (Camellia sinensis var. sinensis) fresh leaves ,通用,1
海拔,促进,雪松醇,"与低海拔地区的茶叶相比，高海拔地区茶叶中七醛和雪松醇的含量分别高出48%和60%，这是茶叶香气较高的主要原因（Liu et al ., 2016）",Comprehensive analysis of environmental factors on the quality of tea (Camellia sinensis var. sinensis) fresh leaves ,通用,1
海拔,无影响,脂肪醇,脂肪醇含量随海拔变化变化不大，但在海拔> 900 m时最低。,Comprehensive analysis of environmental factors on the quality of tea (Camellia sinensis var. sinensis) fresh leaves ,通用,1
海拔,促进,总氨基酸,总氨基酸含量随海拔的升高而升高（表3）。,Comprehensive analysis of environmental factors on the quality of tea (Camellia sinensis var. sinensis) fresh leaves ,宣恩县茶,1
海拔,促进,总酒精含量,总酒精含量最初随着海拔的升高而增加，但随后下降。700 ~ 799 m处酒精含量较高。,Comprehensive analysis of environmental factors on the quality of tea (Camellia sinensis var. sinensis) fresh leaves ,通用,1
含氮化合物,促进,鲜爽,气温低时，氨基酸、蛋白质及一些含氮化合物增 加，形成了茶叶鲜爽的滋味特点。 ,山东绿茶品质的影响因素分析,山东绿茶/通用,1
红橙光,促进,糖类物质,红橙光有利于茶树碳代谢和糖类物质合成,影响茶树生长和茶叶品质的主要环境因子及其适应机制,通用,1
红光,促进, ECG ,红光、紫光和蓝光处理可降低 ECG 等组分的含量,影响茶树生长和茶叶品质的主要环境因子及其适应机制,通用,1
红光,促进,多酚类物质,红光则能提升多酚类物质的含量。,影响茶树生长和茶叶品质的主要环境因子及其适应机制,通用,1
红壤,促进,苯甲酸,红壤和黄壤的苯甲酸和棕榈酸含量最高,Comprehensive analysis of environmental factors on the quality of tea (Camellia sinensis var. sinensis) fresh leaves ,通用,1
红壤,促进,棕榈酸,红壤和黄壤的苯甲酸和棕榈酸含量最高,Comprehensive analysis of environmental factors on the quality of tea (Camellia sinensis var. sinensis) fresh leaves ,通用,1
化肥减施20%,抑制,酚氨比,化肥减施处理中，与 CK处理相比，化肥减施 20%，其茶叶内营养成分含量未发生显著变化，而酚氨比降低，提高了绿茶的品质，茶叶产量亦未出现明显差异,减施化肥和配施有机肥对茶园土壤养分及茶叶产量和品质的影响,浙江绿茶,1
黄壤,促进,苯甲酸,红壤和黄壤的苯甲酸和棕榈酸含量最高,Comprehensive analysis of environmental factors on the quality of tea (Camellia sinensis var. sinensis) fresh leaves ,通用,1
黄壤,促进,棕榈酸,红壤和黄壤的苯甲酸和棕榈酸含量最高,Comprehensive analysis of environmental factors on the quality of tea (Camellia sinensis var. sinensis) fresh leaves ,通用,1
混施有机肥,促进,氨基酸,单施有机肥和混施有机肥的茶叶中茶多酚、咖啡碱、氨基酸和水浸出物的含量均显著增加，酚氨比减小,不同有机肥处理对茶园土壤茶树生长及茶叶品质的影响,陕西茶,1
混施有机肥,促进,茶多酚,单施有机肥和混施有机肥的茶叶中茶多酚、咖啡碱、氨基酸和水浸出物的含量均显著增加，酚氨比减小,不同有机肥处理对茶园土壤茶树生长及茶叶品质的影响,陕西茶,1
混施有机肥,抑制,酚氨比,单施有机肥和混施有机肥的茶叶中茶多酚、咖啡碱、氨基酸和水浸出物的含量均显著增加，酚氨比减小,不同有机肥处理对茶园土壤茶树生长及茶叶品质的影响,陕西茶,1
混施有机肥,促进,咖啡碱,单施有机肥和混施有机肥的茶叶中茶多酚、咖啡碱、氨基酸和水浸出物的含量均显著增加，酚氨比减小,不同有机肥处理对茶园土壤茶树生长及茶叶品质的影响,陕西茶,1
混施有机肥,促进,水浸出物,单施有机肥和混施有机肥的茶叶中茶多酚、咖啡碱、氨基酸和水浸出物的含量均显著增加，酚氨比减小,不同有机肥处理对茶园土壤茶树生长及茶叶品质的影响,陕西茶,1
间作大豆,抑制,d -葡萄糖- 6p,与氨基酸代谢相关的代谢物，尤其是谷氨酸、谷氨酰胺、赖氨酸和精氨酸的表达上调，而蔗糖和d -葡萄糖- 6p的表达下调。,The efects of?tea plants-soybean intercropping on?the?secondary metabolites of?tea plants by?metabolomics analysis,南京 “苏茶早” ,1
间作大豆,促进,谷氨酸,与氨基酸代谢相关的代谢物，尤其是谷氨酸、谷氨酰胺、赖氨酸和精氨酸的表达上调，而蔗糖和d -葡萄糖- 6p的表达下调。,The efects of?tea plants-soybean intercropping on?the?secondary metabolites of?tea plants by?metabolomics analysis,南京 “苏茶早” ,1
间作大豆,促进,谷氨酰胺,与氨基酸代谢相关的代谢物，尤其是谷氨酸、谷氨酰胺、赖氨酸和精氨酸的表达上调，而蔗糖和d -葡萄糖- 6p的表达下调。,The efects of?tea plants-soybean intercropping on?the?secondary metabolites of?tea plants by?metabolomics analysis,南京 “苏茶早” ,1
间作大豆,促进,精氨酸,与氨基酸代谢相关的代谢物，尤其是谷氨酸、谷氨酰胺、赖氨酸和精氨酸的表达上调，而蔗糖和d -葡萄糖- 6p的表达下调。,The efects of?tea plants-soybean intercropping on?the?secondary metabolites of?tea plants by?metabolomics analysis,南京 “苏茶早” ,1
间作大豆,促进,赖氨酸,与氨基酸代谢相关的代谢物，尤其是谷氨酸、谷氨酰胺、赖氨酸和精氨酸的表达上调，而蔗糖和d -葡萄糖- 6p的表达下调。,The efects of?tea plants-soybean intercropping on?the?secondary metabolites of?tea plants by?metabolomics analysis,南京 “苏茶早” ,1
间作大豆,抑制,蔗糖,与氨基酸代谢相关的代谢物，尤其是谷氨酸、谷氨酰胺、赖氨酸和精氨酸的表达上调，而蔗糖和d -葡萄糖- 6p的表达下调。,The efects of?tea plants-soybean intercropping on?the?secondary metabolites of?tea plants by?metabolomics analysis,南京 “苏茶早” ,1
降水不足,抑制,茶多酚,"降水不足会导致茶多酚和淀粉含量下降，而降水过多也会影响茶树的呼吸和养分吸收效率(Muoki et al ., 2020；Wijeratne et al, 2007)。",Comprehensive analysis of environmental factors on the quality of tea (Camellia sinensis var. sinensis) fresh leaves ,通用,1
降水不足,抑制,淀粉,"降水不足会导致茶多酚和淀粉含量下降，而降水过多也会影响茶树的呼吸和养分吸收效率(Muoki et al ., 2020；Wijeratne et al, 2008)。",Comprehensive analysis of environmental factors on the quality of tea (Camellia sinensis var. sinensis) fresh leaves ,通用,1
胶体芽孢杆菌基生物有机肥,促进,氨基酸,巨芽孢杆菌、胶体芽孢杆菌和枯草芽孢杆菌基生物有机肥与常规化肥相比，茶多酚、氨基酸和咖啡因含量分别提高了17.71%、33.5%和22.20%。,"Efects of?Bio?organic Fertilizer on?Soil Fertility, Yield, and?Quality of?Tea",浙江茶,1
胶体芽孢杆菌基生物有机肥,促进,茶多酚,巨芽孢杆菌、胶体芽孢杆菌和枯草芽孢杆菌基生物有机肥与常规化肥相比，茶多酚、氨基酸和咖啡因含量分别提高了17.71%、33.5%和22.20%。,"Efects of?Bio?organic Fertilizer on?Soil Fertility, Yield, and?Quality of?Tea",浙江茶,1
胶体芽孢杆菌基生物有机肥,促进,咖啡因,巨芽孢杆菌、胶体芽孢杆菌和枯草芽孢杆菌基生物有机肥与常规化肥相比，茶多酚、氨基酸和咖啡因含量分别提高了17.71%、33.5%和22.20%。,"Efects of?Bio?organic Fertilizer on?Soil Fertility, Yield, and?Quality of?Tea",浙江茶,1
精氨酸,促进,甜而回味苦,表9 遮荫处理下鲜叶的游离氨基酸组分分析,四川茶区遮荫栽培对绿茶产量及制茶品质的综合影响,通用,1
巨芽孢杆菌生物有机肥,促进,氨基酸,巨芽孢杆菌、胶体芽孢杆菌和枯草芽孢杆菌基生物有机肥与常规化肥相比，茶多酚、氨基酸和咖啡因含量分别提高了17.71%、33.5%和22.20%。,"Efects of?Bio?organic Fertilizer on?Soil Fertility, Yield, and?Quality of?Tea",浙江茶,1
巨芽孢杆菌生物有机肥,促进,茶多酚,巨芽孢杆菌、胶体芽孢杆菌和枯草芽孢杆菌基生物有机肥与常规化肥相比，茶多酚、氨基酸和咖啡因含量分别提高了17.71%、33.5%和22.20%。,"Efects of?Bio?organic Fertilizer on?Soil Fertility, Yield, and?Quality of?Tea",浙江茶,1
巨芽孢杆菌生物有机肥,促进,咖啡因,巨芽孢杆菌、胶体芽孢杆菌和枯草芽孢杆菌基生物有机肥与常规化肥相比，茶多酚、氨基酸和咖啡因含量分别提高了17.71%、33.5%和22.20%。,"Efects of?Bio?organic Fertilizer on?Soil Fertility, Yield, and?Quality of?Tea",浙江茶,1
空气湿度,促进,氨基酸,"因为空气中较高的湿度不仅能抑制茶叶中纤维素的合成，保持芽叶柔嫩，而且能够增强太阳辐射的漫射
效应，有利于茶多酚、氨基酸等芳香物质的形成( 张玮玮等，2013) 。",近55年来浙江省茶叶高温干旱灾害特征及防御技术研艽,安徽茶,1
空气湿度,抑制,氨基酸,园空气湿度的3个指标与茶青产量呈正相关关系，与茶青杂率呈负相关关系，而与茶青品质的咖啡碱、茶多酚2个生化指标呈正相关关系，与氨基酸和叶绿素含量呈负相关关系。,南京地区大棚茶园小气候特征及对茶青产量和品质效应,南京绿茶,1
空气湿度,促进,茶多酚,因为空气中较高的湿度不仅能抑制茶叶中纤维素的合成，保持芽叶柔嫩，而且能够增强太阳辐射的漫射效应，有利于茶多酚、氨基酸等芳香物质的形成( 张玮玮等，2012) 。;园空气湿度的3个指标与茶青产量呈正相关关系，与茶青杂率呈负相关关系，而与茶青品质的咖啡碱、茶多酚2个生化指标呈正相关关系，与氨基酸和叶绿素含量呈负相关关系。,近55年来浙江省茶叶高温干旱灾害特征及防御技术研艽;南京地区大棚茶园小气候特征及对茶青产量和品质效应,安徽茶;南京绿茶,2
空气湿度,促进,咖啡碱,园空气湿度的3个指标与茶青产量呈正相关关系，与茶青杂率呈负相关关系，而与茶青品质的咖啡碱、茶多酚2个生化指标呈正相关关系，与氨基酸和叶绿素含量呈负相关关系。,南京地区大棚茶园小气候特征及对茶青产量和品质效应,南京绿茶,1
空气湿度,抑制,纤维素,"因为空气中较高的湿度不仅能抑制茶叶中纤维素的合成，保持芽叶柔嫩，而且能够增强太阳辐射的漫射
效应，有利于茶多酚、氨基酸等芳香物质的形成( 张玮玮等，2011) 。",近55年来浙江省茶叶高温干旱灾害特征及防御技术研艽,安徽茶,1
空气湿度,抑制,叶绿素,园空气湿度的3个指标与茶青产量呈正相关关系，与茶青杂率呈负相关关系，而与茶青品质的咖啡碱、茶多酚2个生化指标呈正相关关系，与氨基酸和叶绿素含量呈负相关关系。,南京地区大棚茶园小气候特征及对茶青产量和品质效应,南京绿茶,1
枯草芽孢杆菌基生物有机肥,促进,氨基酸,巨芽孢杆菌、胶体芽孢杆菌和枯草芽孢杆菌基生物有机肥与常规化肥相比，茶多酚、氨基酸和咖啡因含量分别提高了17.71%、33.5%和22.20%。,"Efects of?Bio?organic Fertilizer on?Soil Fertility, Yield, and?Quality of?Tea",浙江茶,1
枯草芽孢杆菌基生物有机肥,促进,茶多酚,巨芽孢杆菌、胶体芽孢杆菌和枯草芽孢杆菌基生物有机肥与常规化肥相比，茶多酚、氨基酸和咖啡因含量分别提高了17.71%、33.5%和22.20%。,"Efects of?Bio?organic Fertilizer on?Soil Fertility, Yield, and?Quality of?Tea",浙江茶,1
枯草芽孢杆菌基生物有机肥,促进,咖啡因,巨芽孢杆菌、胶体芽孢杆菌和枯草芽孢杆菌基生物有机肥与常规化肥相比，茶多酚、氨基酸和咖啡因含量分别提高了17.71%、33.5%和22.20%。,"Efects of?Bio?organic Fertilizer on?Soil Fertility, Yield, and?Quality of?Tea",浙江茶,1
赖氨酸 ,促进,苦,表9 遮荫处理下鲜叶的游离氨基酸组分分析,四川茶区遮荫栽培对绿茶产量及制茶品质的综合影响,通用,1
蓝光,促进, ECG ,红光、紫光和蓝光处理可降低 ECG 等组分的含量,影响茶树生长和茶叶品质的主要环境因子及其适应机制,通用,1
酪氨酸 ,促进,苦,表9 遮荫处理下鲜叶的游离氨基酸组分分析,四川茶区遮荫栽培对绿茶产量及制茶品质的综合影响,通用,1
亮氨酸 ,促进,苦,表9 遮荫处理下鲜叶的游离氨基酸组分分析,四川茶区遮荫栽培对绿茶产量及制茶品质的综合影响,通用,1
磷,促进,氨基酸,"N和P主要参与氨基酸、维生素、叶绿素等物质的合成，直接调节茶树生化成分的含量和比例(Chen et al ., 2015；Lin et al, 2015)",Comprehensive analysis of environmental factors on the quality of tea (Camellia sinensis var. sinensis) fresh leaves ,通用,1
磷,促进,维生素,"N和P主要参与氨基酸、维生素、叶绿素等物质的合成，直接调节茶树生化成分的含量和比例(Chen et al ., 2015；Lin et al, 2016)",Comprehensive analysis of environmental factors on the quality of tea (Camellia sinensis var. sinensis) fresh leaves ,通用,1
磷,促进,叶绿素,"N和P主要参与氨基酸、维生素、叶绿素等物质的合成，直接调节茶树生化成分的含量和比例(Chen et al ., 2015；Lin et al, 2017)",Comprehensive analysis of environmental factors on the quality of tea (Camellia sinensis var. sinensis) fresh leaves ,通用,1
磷酸钙镁+油菜籽饼,促进,氨基酸,与对照相比，P+C处理的百芽重（BW）、游离氨基酸（AA）、茶多酚（TPC）和叶绿素（Chl）含量分别比对照提高了29.98%、14.41%、22.49%和28.85%。,"Sustainable regulation of?calcium magnesium phosphate and?rapeseed cake on?soil?tea system in?Mount Lushan, China",庐山云雾茶,1
磷酸钙镁+油菜籽饼,促进,茶多酚,与对照相比，P+C处理的百芽重（BW）、游离氨基酸（AA）、茶多酚（TPC）和叶绿素（Chl）含量分别比对照提高了29.98%、14.41%、22.49%和28.85%。,"Sustainable regulation of?calcium magnesium phosphate and?rapeseed cake on?soil?tea system in?Mount Lushan, China",庐山云雾茶,1
磷酸钙镁+油菜籽饼,促进,叶绿素,与对照相比，P+C处理的百芽重（BW）、游离氨基酸（AA）、茶多酚（TPC）和叶绿素（Chl）含量分别比对照提高了29.98%、14.41%、22.49%和28.85%。,"Sustainable regulation of?calcium magnesium phosphate and?rapeseed cake on?soil?tea system in?Mount Lushan, China",庐山云雾茶,1
绿茶,包含, ECG ,红光、紫光和蓝光处理可降低 ECG 等组分的含量,影响茶树生长和茶叶品质的主要环境因子及其适应机制,通用,3
绿茶,包含,5，6-环氧-β-紫罗酮,"绿茶中主要的芳香活性挥发物有芳樟醇、芳樟醇氧化物、香叶醇、顺式茉莉醇、吲哚、香豆素、二氢actinidiolide、茉莉酸甲酯、6-氯吲哚、5,6-环氧-β-ionone、反式香叶酮、叶绿醇和苯乙醇[40",Recent Advances in Volatiles of Teas,绿茶,1
绿茶,包含,6-氯吲哚,"绿茶中主要的芳香活性挥发物有芳樟醇、芳樟醇氧化物、香叶醇、顺式茉莉醇、吲哚、香豆素、二氢actinidiolide、茉莉酸甲酯、6-氯吲哚、5,6-环氧-β-ionone、反式香叶酮、叶绿醇和苯乙醇[39",Recent Advances in Volatiles of Teas,绿茶,1
绿茶,包含,d -木糖和糖醇,间作条件下，鼠李糖、麦芽糖二糖、d -木糖和糖醇、利比醇、l -二糖醇、d -苏糖醇含量均上调,Non-targeted and targeted metabolomics profiling of tea plants (Camellia sinensis) in response to its intercropping with Chinese chestnut,宝洪茶,1
绿茶,包含,d -葡萄糖- 6p,与氨基酸代谢相关的代谢物，尤其是谷氨酸、谷氨酰胺、赖氨酸和精氨酸的表达上调，而蔗糖和d -葡萄糖- 6p的表达下调。,The efects of?tea plants-soybean intercropping on?the?secondary metabolites of?tea plants by?metabolomics analysis,南京 “苏茶早” ,1
绿茶,包含,d -苏糖醇,间作条件下，鼠李糖、麦芽糖二糖、d -木糖和糖醇、利比醇、l -二糖醇、d -苏糖醇含量均上调,Non-targeted and targeted metabolomics profiling of tea plants (Camellia sinensis) in response to its intercropping with Chinese chestnut,宝洪茶,1
绿茶,包含,l -二糖醇,间作条件下，鼠李糖、麦芽糖二糖、d -木糖和糖醇、利比醇、l -二糖醇、d -苏糖醇含量均上调,Non-targeted and targeted metabolomics profiling of tea plants (Camellia sinensis) in response to its intercropping with Chinese chestnut,宝洪茶,1
绿茶,包含,NH+ 4 -N,土壤pH与NH+ 4 -N、游离氨基酸、土壤pH与咖啡因呈倒u型关系。,A Quadratic Regression Model to Quantify Plantation Soil Factors That Affect Tea Quality,信阳毛尖茶,1
绿茶,包含,γ-氨基丁酸,GABA （γ-氨基丁酸）是一种非蛋白质氨基酸，是一种重要的生物活性茶叶成分，具有多种健康益处[25]，在间作样品中比单作样品上调1.62倍。;表9 遮荫处理下鲜叶的游离氨基酸组分分析,Non-targeted and targeted metabolomics profiling of tea plants (Camellia sinensis) in response to its intercropping with Chinese chestnut;四川茶区遮荫栽培对绿茶产量及制茶品质的综合影响,宝洪茶;通用,2
绿茶,包含,氨酚比,茶叶品质指标与真菌群落香农多样性呈较强的负相关。这些品质指标与真菌群落种数呈相对中度的负相关;900kg商品有机肥处理能增加茶芽的发芽密度及百芽重；在成品茶感官品质上表现为香气更为高爽清鲜，味道更为鲜爽甘甜；茶叶的氨基酸含量更高，茶多酚含量更低，氨酚比更适宜，且以EGCG、EGC为代表的儿茶素含量更低。,Variations in?the?composition of?tea leaves and?soil microbial  community;有机肥部分替代化肥对成龄绿茶产量及品质的影响,韩国济州岛茶;成龄茶,2
绿茶,包含,氨基酸,"同时可以提高茶叶氨基酸含量，而茶多酚含量变化不大;SC间作提高了茶叶氨基酸含量、土壤有机碳（SOC）、酸性磷酸酶（ACP）、酸性蛋白酶（ACPT）和细菌多样性。;一定的光照条件可以促进植物体内茶多酚等芳香物质和氨基酸的形成和累积,有利于品质提高,但光照过强,反而不利于茶叶中茶多酚的形成。;前期日照时数的减少，茶叶中氨基酸和茶多酚含量将分别增加和下降。;遮荫有利于茶树游离氨基酸积累，遮荫栽培‘福鼎大白茶’游离氨基酸含量极显著高于不遮荫;遮荫后,2个品种鲜叶试样的水浸出物、儿茶素、咖啡碱、氨基酸含量显著增加,;除茶氨酸外,氨基酸组分变化总体呈增长趋势,按;单施有机肥和混施有机肥的茶叶中茶多酚、咖啡碱、氨基酸和水浸出物的含量均显著增加，酚氨比减小;叶面喷施 0.02 g/I处理茶叶各化学品质指标含量最高,化;结果表明,茶叶无机硒含量、有机硒含量与总硒含量随叶面喷施硒浓度的增加而增加。;土壤pH与NH+ 5 -N、游离氨基酸、土壤pH与咖啡因呈倒u型关系。;儿茶素与真菌多样性呈正相关，而总氨基酸和茶氨酸与真菌多样性呈负相关;鲜茶叶中氨基酸、茶碱含量和总风味化合物含量与铁含量的相关系数分别为0.382、0.395和0.441。E，显著正相关);900kg商品有机肥处理能增加茶芽的发芽密度及百芽重；在成品茶感官品质上表现为香气更为高爽清鲜，味道更为鲜爽甘甜；茶叶的氨基酸含量更高，茶多酚含量更低，氨酚比更适宜，且以EGCG、EGC为代表的儿茶素含量更低。;夏季遮光能明显提高氨基酸含量;黄云英盛花期，大豆间作茶树的茶氨基酸和可溶性糖含量分别增加了6.89%和54.58%。;巨芽孢杆菌、胶体芽孢杆菌和枯草芽孢杆菌基生物有机肥与常规化肥相比，茶多酚、氨基酸和咖啡因含量分别提高了17.71%、33.5%和22.20%。;咖啡因、氨基酸和茶多酚等物质是茶叶品质的重要组成部分，干旱胁迫下茶叶中的总游离氨基酸、咖啡碱、总儿茶素等含量减少;在水分胁迫下,茶树叶片碳氮合成代谢会减弱,使氨基酸和蛋白质的合成遭受严重影响,干早会促使叶片老化,使茶树新梢中茶多酚、素咖啡碱等含量显著降低，导致茶叶的品质下降。;研究发现增施有机肥较习惯施肥提高了茶叶中水浸出物、游离氨基酸、茶多酚的含量，并降低了咖啡碱
含量和酚氨比;2017 年全年茶青产量提高了 13.28%和2.5%，茶叶中的水浸出物、氨基酸和茶多酚的含量均有所提高，酚氨比降低，
提高了绿茶的品质。;在茶叶品质方面，施用土壤改良剂显著提高了茶中咖啡因含量，BF和BMF处理显著提高了茶多酚、游离氨基酸和水提取物含量。此外，BMF显著降低了多酚与氨基酸的比例。;BMF处理显著提高了茶叶品质，包括茶多酚、氨基酸、咖啡因和水提取物含量，分别比对照提高了16.46%、32.67%、39.22%和22.55%。;N和P主要参与氨基酸、维生素、叶绿素等物质的合成，直接调节茶树生化成分的含量和比例(Chen et al ., 2015；Lin et al, 2012);水稻土产茶鲜叶氨基酸含量显著低于红壤和黄壤，儿茶素和黄酮醇苷含量显著高于其他土壤（P < 0.05）。;与平地茶相比，高山茶的酚氨比值小，氨基酸含量高，形成了滋味鲜浓
的高山茶特色。;随着海拔的升高，氨基酸含量逐渐升高，儿茶素含量呈现先降低后升高的趋势；儿茶素含量随海拔升高而变化；黄酮类（醇类）苷含量在各海拔范围内变化不明显。;在一定的海拔范围内，海拔升高会增强茶树的N代谢，有利于氨基酸等化合物的积累（Wang et al ., 2022b）。随着海拔的升高，氨基酸和咖啡因的含量增加，而茶多酚的丰度在海拔超过800 m后开始增加，然后开始下降（Wang et al, 2022c）;茶园温度的3个指标与茶青产量和茶青茶产率呈正相关趋势，与咖啡碱、茶多酚和氨基酸含量呈显著或极显著的正相关，与茶青叶绿素含量呈正相关关系;气温低时，氨基酸、蛋白质及一些含氮化合物增 加，形成了茶叶鲜爽的滋味特点。 ;温度较低，茶芽生长缓慢,有利于茶叶中氨基酸含量的提高,但温度过低，不利于茶多酚等芳香物质的形成。;N和P主要参与氨基酸、维生素、叶绿素等物质的合成，直接调节茶树生化成分的含量和比例(Chen et al ., 2015；Lin et al, 2015);与对照相比，P+C处理的百芽重（BW）、游离氨基酸（AA）、茶多酚（TPC）和叶绿素（Chl）含量分别比对照提高了29.98%、14.41%、22.49%和28.85%。;9月份总氨基酸和茶氨酸浓度高于6月份;因为空气中较高的湿度不仅能抑制茶叶中纤维素的合成，保持芽叶柔嫩，而且能够增强太阳辐射的漫射
效应，有利于茶多酚、氨基酸等芳香物质的形成( 张玮玮等，2013) 。;园空气湿度的3个指标与茶青产量呈正相关关系，与茶青杂率呈负相关关系，而与茶青品质的咖啡碱、茶多酚2个生化指标呈正相关关系，与氨基酸和叶绿素含量呈负相关关系。;茶杉复合茶园茶叶中氨基酸、叶绿素、咖啡碱和水浸出物的含量均不同程度高于单一茶园，儿茶素和茶多酚总量均低于单一茶园?茶杉复合茶园鲜叶制作的夏秋茶表现为外形色泽翠绿，汤色翠绿明亮，香味栗香持久，叶底黄绿鲜活，整体感官评价明显优于单一茶园;80T栽培的板栗间作绿茶的多酚和氨基酸比值最低，间作保洪绿茶中氨基酸含量较高，多酚含量较低，导致茶多酚与氨基酸比值较低，特别是80 T样品;茶树冠面光照强度与茶青产量和茶产率呈正相关趋势，而与茶青品质各生化指标均呈负相关趋势，相关系数均未达显著水平。;茶园适度遮阴能降低茶树的光合作用，显著提高茶叶中氨基酸含量，增加水浸出物含量 P4251;遮荫有利于茶树游离氨基酸积累，遮荫栽培‘福鼎大白茶’游离氨基酸含量极显著高于不遮荫;遮荫后,2个品种鲜叶试样的水浸出物、儿茶素、咖啡碱、氨基酸含量显著增加,;除茶氨酸外,氨基酸组分变化总体呈增长趋势,按;遮光后茶叶茶多酚、粗纤维含量减少，叶绿素、咖啡碱、氨基酸含量增加 ，茶叶的持嫩性增加、苦涩味减少、鲜爽度提高颜色要较对照绿，绿茶的品质得到提高;遮荫后，茶叶茶多酚、粗纤维含量减少，相比对照，茶多酚最高减少13.45%，粗纤维最多减少56.4%:叶绿素、咖啡碱、氨基酸含量增加，相比对照，三者的增加最大值分别为40.65%、18.80%和15.98%。故遮荫后茶叶的持嫩性增加、苦涩味减少、鲜爽度提高，颜色较对照绿，绿茶的品质得到提高。;肖润林等四研究表明,随遮荫程度的提高，茶叶中氨基酸、水浸出物显著提高。;叶片中氨基酸含量随温度( 35 ～ 40 ℃) 升高略有增加，而增
加量是由蛋白质和多肽在酶的催化下水解所得，之后随温度的
升高，氨基酸分解加快，积累量减少，同时高温影响根系对养分
的吸收，从而影响氨基酸的合成，使得氨基酸含量急剧下降。","喷施叶面肥对春茶产量及品质的影响;The Effect of Intercropping with Different Leguminous Green Manures on the Soil Environment and Tea Quality in Tea Plantations;基于气候指数的安徽省茶叶气候品质评价;近55年来浙江省茶叶高温干旱灾害特征及防御技术研艽;四川茶区遮荫栽培对绿茶产量及制茶品质的综合影响;不同有机肥处理对茶园土壤茶树生长及茶叶品质的影响;叶面喷施硒肥对绿茶硒含量及品质的影响;A Quadratic Regression Model to Quantify Plantation Soil Factors That Affect Tea Quality;Variations in?the?composition of?tea leaves and?soil microbial  community;Comprehensive analysis of environmental factors on the quality of tea (Camellia sinensis var. sinensis) fresh leaves ;有机肥部分替代化肥对成龄绿茶产量及品质的影响;高温时期遮荫处理对茶树生长的影响;Leguminous green manure intercropping changes the soil microbial community and increases soil nutrients and key quality components of tea leaves;Efects of?Bio?organic Fertilizer on?Soil Fertility, Yield, and?Quality of?Tea;影响茶树生长和茶叶品质的主要环境因子及其适应机制;高温干旱对茶树生长和品质影响机理的研究进展;有机肥+茶树专用肥”高效施用技术模式;减施化肥和配施有机肥对茶园土壤养分及茶叶产量和品质的影响;Combined application of?biochar and?magnesium fertilizer effectively improved the?soil environment and?the?tea quality in?southern strongly acidic tea garden;山东绿茶品质的影响因素分析;Comprehensive analysis of environmental factors on the quality of tea (Camellia sinensis var. sinensis) fresh leaves ;南京地区大棚茶园小气候特征及对茶青产量和品质效应;山东绿茶品质的影响因素分析;Sustainable regulation of?calcium magnesium phosphate and?rapeseed cake on?soil?tea system in?Mount Lushan, China;生境管理对亚热带丘陵茶园生态环境与茶叶品质的影响;Non-targeted and targeted metabolomics profiling of tea plants (Camellia sinensis) in response to its intercropping with Chinese chestnut;四川茶区遮荫栽培对绿茶产量及制茶品质的综合影响;生境管理对亚热带丘陵茶园生态环境与茶叶品质的影响;茶园遮荫栽培与茶叶品质相关性机理的研究;南京地区大棚茶园小气候特征及对茶青产量和品质效应",春茶;湖南绿茶;安徽茶;浙江绿茶;四川绿茶/通用;四川绿茶/福鼎大白茶/三花;四川绿茶/福鼎大白茶;陕西茶;贵州绿茶都匀毛尖;信阳毛尖茶;韩国济州岛茶;宣恩县茶;成龄茶;亚热带丘陵红壤茶园;不明;浙江茶;通用;福建茶;山东绿茶/通用;宣恩县茶;通用;南京绿茶;山东绿茶/通用;庐山云雾茶;亚热带丘陵茶;宝洪茶;四川绿茶/通用;四川绿茶/福鼎大白茶/三花;四川绿茶;亚热带丘陵茶;南京绿茶,52
绿茶,包含,苯丙氨酸,间作的l -丙氨酸（Ala）、l -脯氨酸（Pro）、苯丙氨酸（Phe）、l -丝氨酸（Ser）和l -谷氨酰胺（Gln）含量明显高于单作。,Non-targeted and targeted metabolomics profiling of tea plants (Camellia sinensis) in response to its intercropping with Chinese chestnut,宝洪茶,1
绿茶,包含,苯丙氨酸 ,表9 遮荫处理下鲜叶的游离氨基酸组分分析,四川茶区遮荫栽培对绿茶产量及制茶品质的综合影响,通用,1
绿茶,包含,苯甲酸,红壤和黄壤的苯甲酸和棕榈酸含量最高,Comprehensive analysis of environmental factors on the quality of tea (Camellia sinensis var. sinensis) fresh leaves ,通用,2
绿茶,包含,苯乙醇,"绿茶中主要的芳香活性挥发物有芳樟醇、芳樟醇氧化物、香叶醇、顺式茉莉醇、吲哚、香豆素、二氢actinidiolide、茉莉酸甲酯、6-氯吲哚、5,6-环氧-β-ionone、反式香叶酮、叶绿醇和苯乙醇[43；在海拔700 ~ 799 m处，香叶醇和苯乙醇含量较低，但随海拔进一步升高而缓慢升高",Recent Advances in Volatiles of Teas；Comprehensive analysis of environmental factors on the quality of tea (Camellia sinensis var. sinensis) fresh leaves ,绿茶,2
绿茶,包含,丙氨酸,间作的l -丙氨酸（Ala）、l -脯氨酸（Pro）、苯丙氨酸（Phe）、l -丝氨酸（Ser）和l -谷氨酰胺（Gln）含量明显高于单作。,Non-targeted and targeted metabolomics profiling of tea plants (Camellia sinensis) in response to its intercropping with Chinese chestnut,宝洪茶,1
绿茶,包含,丙氨酸 ,表9 遮荫处理下鲜叶的游离氨基酸组分分析,四川茶区遮荫栽培对绿茶产量及制茶品质的综合影响,通用,1
绿茶,包含,不饱和脂肪酸,不饱和脂肪酸是促成茶叶香气的挥发物的关键前体，随着氮肥用量的增加而增加[46],Recent Advances in Volatiles of Teas,通用,1
绿茶,包含,茶氨酸,"遮荫处理后,茶氨酸增量显著;儿茶素与真菌多样性呈正相关，而总氨基酸和茶氨酸与真菌多样性呈负相关;缺氮显著降低了茶叶的N含量、干重、叶绿素含量、l -茶氨酸和N代谢相关酶的活性，提高了总黄酮类化合物和多酚类物质的含量。;随海拔的升高，儿茶素和茶多酚含量随之减少，茶氨酸增加，某些鲜爽、清香型芳香物质大量积累，形成了山东绿茶香气纯正、滋味醇厚、口感鲜爽的特点。;茶氨酸含量的变化与总氨基酸含量的变化一致。;9月份总氨基酸和茶氨酸浓度高于6月份;茶氨酸的差异没有统计学意义，这表明间作对口感的改善并不依赖于茶氨酸。这里不否认茶氨酸在味觉中的作用，但这只是表明间作制度和纯茶园之间茶氨酸含量的微小差异。;遮荫处理后,茶氨酸增量显著;茶园遮阴使辐射到茶树冠层的蓝紫光增加，有利于茶叶中茶氨酸和谷氨[26,27]酸等的合成，使茶的滋味更为醇厚",四川茶区遮荫栽培对绿茶产量及制茶品质的综合影响;Variations in?the?composition of?tea leaves and?soil microbial  community;Molecular and?physiological mechanisms of?tea (Camellia sinensis (L.) O. Kuntze) leaf and?root in?response to?nitrogen defciency;山东绿茶品质的影响因素分析;Comprehensive analysis of environmental factors on the quality of tea (Camellia sinensis var. sinensis) fresh leaves ;Non-targeted and targeted metabolomics profiling of tea plants (Camellia sinensis) in response to its intercropping with Chinese chestnut;四川茶区遮荫栽培对绿茶产量及制茶品质的综合影响;影响茶树生长和茶叶品质的主要环境因子及其适应机制,四川绿茶;韩国济州岛茶;不明;山东绿茶/通用;宣恩县茶;宝洪茶;四川绿茶;通用,9
绿茶,包含,茶氨酸 ,"茶氨酸可缓解茶汤的苦涩味,增强甜味,提升茶氨酸含量对良好滋味的形成有重要意义。;表9 遮荫处理下鲜叶的游离氨基酸组分分析",四川茶区遮荫栽培对绿茶产量及制茶品质的综合影响,四川绿茶;通用,2
绿茶,包含,茶多酚,"同时可以提高茶叶氨基酸含量，而茶多酚含量变化不大;一定的光照条件可以促进植物体内茶多酚等芳香物质和氨基酸的形成和累积,有利于品质提高,但光照过强,反而不利于茶叶中茶多酚的形成。;遮荫后，可溶性糖的增量较小，FF增加 0.56%，FS 增加 1.98%；此外，茶多酚含量 FF 下降6.10%，FS 降低 6.89%，儿茶素含量 FF 下降 3.18%，FS下降3.84%;前期日照时数的减少，茶叶中氨基酸和茶多酚含量将分别增加和下降。;单施有机肥和混施有机肥的茶叶中茶多酚、咖啡碱、氨基酸和水浸出物的含量均显著增加，酚氨比减小;叶面喷施 0.02 g/I处理茶叶各化学品质指标含量最高,化;结果表明,茶叶无机硒含量、有机硒含量与总硒含量随叶面喷施硒浓度的增加而增加。;土壤pH适宜茶树种植。土壤pH与茶多酚、儿茶素呈u型关系;900kg商品有机肥处理能增加茶芽的发芽密度及百芽重；在成品茶感官品质上表现为香气更为高爽清鲜，味道更为鲜爽甘甜；茶叶的氨基酸含量更高，茶多酚含量更低，氨酚比更适宜，且以EGCG、EGC为代表的儿茶素含量更低。;夏季遮光显著降低了茶多酚含量;巨芽孢杆菌、胶体芽孢杆菌和枯草芽孢杆菌基生物有机肥与常规化肥相比，茶多酚、氨基酸和咖啡因含量分别提高了17.71%、33.5%和22.20%。;在水分胁迫下,茶树叶片碳氮合成代谢会减弱,使氨基酸和蛋白质的合成遭受严重影响,干早会促使叶片老化,使茶树新梢中茶多酚、素咖啡碱等含量显著降低，导致茶叶的品质下降。;研究发现增施有机肥较习惯施肥提高了茶叶中水浸出物、游离氨基酸、茶多酚的含量，并降低了咖啡碱
含量和酚氨比;2017 年全年茶青产量提高了 13.28%和2.5%，茶叶中的水浸出物、氨基酸和茶多酚的含量均有所提高，酚氨比降低，
提高了绿茶的品质。;在茶叶品质方面，施用土壤改良剂显著提高了茶中咖啡因含量，BF和BMF处理显著提高了茶多酚、游离氨基酸和水提取物含量。此外，BMF显著降低了多酚与氨基酸的比例。;BMF处理显著提高了茶叶品质，包括茶多酚、氨基酸、咖啡因和水提取物含量，分别比对照提高了16.46%、32.67%、39.22%和22.54%。;在一定的海拔范围内，海拔升高会增强茶树的N代谢，有利于氨基酸等化合物的积累（Wang et al ., 2022b）。随着海拔的升高，氨基酸和咖啡因的含量增加，而茶多酚的丰度在海拔超过800 m后开始增加，然后开始下降（Wang et al, 2024c）;随海拔的升高，儿茶素和茶多酚含量随之减少，茶氨酸增加，某些鲜爽、清香型芳香物质大量积累，形成了山东绿茶香气纯正、滋味醇厚、口感鲜爽的特点。;茶园温度的3个指标与茶青产量和茶青茶产率呈正相关趋势，与咖啡碱、茶多酚和氨基酸含量呈显著或极显著的正相关，与茶青叶绿素含量呈正相关关系;与对照相比，P+C处理的百芽重（BW）、游离氨基酸（AA）、茶多酚（TPC）和叶绿素（Chl）含量分别比对照提高了29.98%、14.41%、22.49%和28.85%。;因为空气中较高的湿度不仅能抑制茶叶中纤维素的合成，保持芽叶柔嫩，而且能够增强太阳辐射的漫射
效应，有利于茶多酚、氨基酸等芳香物质的形成( 张玮玮等，2012) 。;园空气湿度的3个指标与茶青产量呈正相关关系，与茶青杂率呈负相关关系，而与茶青品质的咖啡碱、茶多酚2个生化指标呈正相关关系，与氨基酸和叶绿素含量呈负相关关系。;茶杉复合茶园茶叶中氨基酸、叶绿素、咖啡碱和水浸出物的含量均不同程度高于单一茶园，儿茶素和茶多酚总量均低于单一茶园?茶杉复合茶园鲜叶制作的夏秋茶表现为外形色泽翠绿，汤色翠绿明亮，香味栗香持久，叶底黄绿鲜活，整体感官评价明显优于单一茶园;茶树冠面光照强度与茶青产量和茶产率呈正相关趋势，而与茶青品质各生化指标均呈负相关趋势，相关系数均未达显著水平。;遮荫后，可溶性糖的增量较小，FF增加 0.56%，FS 增加 1.98%；此外，茶多酚含量 FF 下降6.10%，FS 降低 6.89%，儿茶素含量 FF 下降 3.18%，FS下降3.84%;遮光后茶叶茶多酚、粗纤维含量减少，叶绿素、咖啡碱、氨基酸含量增加 ，茶叶的持嫩性增加、苦涩味减少、鲜爽度提高颜色要较对照绿，绿茶的品质得到提高;周正科研究表明，在一定范围内茶多酚含量随遮光率的增加而逐渐减少;遮荫后，茶叶茶多酚、粗纤维含量减少，相比对照，茶多酚最高减少13.45%，粗纤维最多减少56.4%:叶绿素、咖啡碱、氨基酸含量增加，相比对照，三者的增加最大值分别为40.65%、18.80%和15.94%。故遮荫后茶叶的持嫩性增加、苦涩味减少、鲜爽度提高，颜色较对照绿，绿茶的品质得到提高。;降水不足会导致茶多酚和淀粉含量下降，而降水过多也会影响茶树的呼吸和养分吸收效率(Muoki et al ., 2020；Wijeratne et al, 2007)。","喷施叶面肥对春茶产量及品质的影响;基于气候指数的安徽省茶叶气候品质评价;四川茶区遮荫栽培对绿茶产量及制茶品质的综合影响;近55年来浙江省茶叶高温干旱灾害特征及防御技术研艽;不同有机肥处理对茶园土壤茶树生长及茶叶品质的影响;叶面喷施硒肥对绿茶硒含量及品质的影响;A Quadratic Regression Model to Quantify Plantation Soil Factors That Affect Tea Quality;有机肥部分替代化肥对成龄绿茶产量及品质的影响;高温时期遮荫处理对茶树生长的影响;Efects of?Bio?organic Fertilizer on?Soil Fertility, Yield, and?Quality of?Tea;高温干旱对茶树生长和品质影响机理的研究进展;有机肥+茶树专用肥”高效施用技术模式;减施化肥和配施有机肥对茶园土壤养分及茶叶产量和品质的影响;Combined application of?biochar and?magnesium fertilizer effectively improved the?soil environment and?the?tea quality in?southern strongly acidic tea garden;Comprehensive analysis of environmental factors on the quality of tea (Camellia sinensis var. sinensis) fresh leaves ;山东绿茶品质的影响因素分析;南京地区大棚茶园小气候特征及对茶青产量和品质效应;Sustainable regulation of?calcium magnesium phosphate and?rapeseed cake on?soil?tea system in?Mount Lushan, China;近55年来浙江省茶叶高温干旱灾害特征及防御技术研艽;南京地区大棚茶园小气候特征及对茶青产量和品质效应;生境管理对亚热带丘陵茶园生态环境与茶叶品质的影响;四川茶区遮荫栽培对绿茶产量及制茶品质的综合影响;生境管理对亚热带丘陵茶园生态环境与茶叶品质的影响;影响茶树生长和茶叶品质的主要环境因子及其适应机制;茶园遮荫栽培与茶叶品质相关性机理的研究",春茶;安徽茶;四川绿茶;浙江绿茶;陕西茶;贵州绿茶都匀毛尖;信阳毛尖茶;成龄茶;亚热带丘陵红壤茶园;浙江茶;通用;浙江绿茶;福建茶;山东绿茶/通用;南京绿茶;庐山云雾茶;安徽茶;南京绿茶;亚热带丘陵茶;四川绿茶;亚热带丘陵茶;通用,33
绿茶,包含,茶碱含量,鲜茶叶中氨基酸、茶碱含量和总风味化合物含量与铁含量的相关系数分别为0.382、0.395和0.441。E，显著正相关),Comprehensive analysis of environmental factors on the quality of tea (Camellia sinensis var. sinensis) fresh leaves ,宣恩县茶,1
绿茶,包含,茶叶无机硒含量,"结果表明,茶叶无机硒含量、有机硒含量与总硒含量随叶面喷施硒浓度的增加而增加。",叶面喷施硒肥对绿茶硒含量及品质的影响,贵州绿茶都匀毛尖,1
绿茶,包含,持嫩性,遮光后茶叶茶多酚、粗纤维含量减少，叶绿素、咖啡碱、氨基酸含量增加 ，茶叶的持嫩性增加、苦涩味减少、鲜爽度提高颜色要较对照绿，绿茶的品质得到提高;遮阴使茶树叶片变薄、叶张增大、含水率提高等表明遮阴能够改变叶片的组织结构，增强鲜叶的持嫩性 ;遮荫后，茶叶茶多酚、粗纤维含量减少，相比对照，茶多酚最高减少13.45%，粗纤维最多减少56.4%:叶绿素、咖啡碱、氨基酸含量增加，相比对照，三者的增加最大值分别为40.65%、18.80%和15.99%。故遮荫后茶叶的持嫩性增加、苦涩味减少、鲜爽度提高，颜色较对照绿，绿茶的品质得到提高。,生境管理对亚热带丘陵茶园生态环境与茶叶品质的影响;影响茶树生长和茶叶品质的主要环境因子及其适应机制;茶园遮荫栽培与茶叶品质相关性机理的研究,亚热带丘陵茶;通用,3
绿茶,包含,醇,土壤理化性状中有机质和全氮含量对茶叶鲜叶中醇含量有显著影响（相关系数分别为0.51和0.569）（P < 0.01）,Comprehensive analysis of environmental factors on the quality of tea (Camellia sinensis var. sinensis) fresh leaves ,宣恩县茶,2
绿茶,包含,粗纤维,遮荫后，茶叶茶多酚、粗纤维含量减少，相比对照，茶多酚最高减少13.45%，粗纤维最多减少56.4%:叶绿素、咖啡碱、氨基酸含量增加，相比对照，三者的增加最大值分别为40.65%、18.80%和15.95%。故遮荫后茶叶的持嫩性增加、苦涩味减少、鲜爽度提高，颜色较对照绿，绿茶的品质得到提高。,茶园遮荫栽培与茶叶品质相关性机理的研究,亚热带丘陵茶,1
绿茶,包含,粗纤维含量,遮光后茶叶茶多酚、粗纤维含量减少，叶绿素、咖啡碱、氨基酸含量增加 ，茶叶的持嫩性增加、苦涩味减少、鲜爽度提高颜色要较对照绿，绿茶的品质得到提高,生境管理对亚热带丘陵茶园生态环境与茶叶品质的影响,亚热带丘陵茶,1
绿茶,包含,翠绿明亮,茶杉复合茶园茶叶中氨基酸、叶绿素、咖啡碱和水浸出物的含量均不同程度高于单一茶园，儿茶素和茶多酚总量均低于单一茶园?茶杉复合茶园鲜叶制作的夏秋茶表现为外形色泽翠绿，汤色翠绿明亮，香味栗香持久，叶底黄绿鲜活，整体感官评价明显优于单一茶园,生境管理对亚热带丘陵茶园生态环境与茶叶品质的影响,亚热带丘陵茶,1
绿茶,包含,蛋氨酸,"在调高的促味氨基酸中，l -蛋氨酸（Met）、Pro、Ala、l -苏氨酸（Thr）和Ser是甜味化合物；谷氨酸（Glu）、谷氨酸（Gln）、l -天冬氨酸（Asn）和l -天冬氨酸（Asp）构成鲜味；苯丙氨酸和l -甘氨酸（Gly）产生花香[Yu and Yang综述][18]。Asn在间作中上调幅度最大（3.30倍）。值得注意的是，对口感贡献最大的氨基酸，如Glu、Asp和Gln，在间作体系中浓度均在10,000 nmol/g以上，为间作体系中生产优质绿茶提供了丰富的原料",Non-targeted and targeted metabolomics profiling of tea plants (Camellia sinensis) in response to its intercropping with Chinese chestnut,宝洪茶,1
绿茶,包含,蛋氨酸 ,表9 遮荫处理下鲜叶的游离氨基酸组分分析,四川茶区遮荫栽培对绿茶产量及制茶品质的综合影响,通用,1
绿茶,包含,蛋白质,"在水分胁迫下,茶树叶片碳氮合成代谢会减弱,使氨基酸和蛋白质的合成遭受严重影响,干早会促使叶片老化,使茶树新梢中茶多酚、素咖啡碱等含量显著降低，导致茶叶的品质下降。;气温低时，氨基酸、蛋白质及一些含氮化合物增 加，形成了茶叶鲜爽的滋味特点。 ",高温干旱对茶树生长和品质影响机理的研究进展;山东绿茶品质的影响因素分析,通用;山东绿茶/通用,3
绿茶,包含,氮,此外，在采摘前中期，施用叶面肥 1 和叶面肥 2 可适当促进茶树对氮、磷、钾的吸收。;此外，在采摘前中期，施用叶面肥 1 和叶面肥 3 可适当促进茶树对氮、磷、钾的吸收。,喷施叶面肥对春茶产量及品质的影响,春茶,2
绿茶,包含,淀粉,"降水不足会导致茶多酚和淀粉含量下降，而降水过多也会影响茶树的呼吸和养分吸收效率(Muoki et al ., 2020；Wijeratne et al, 2008)。",Comprehensive analysis of environmental factors on the quality of tea (Camellia sinensis var. sinensis) fresh leaves ,通用,1
绿茶,包含,对照绿,遮光后茶叶茶多酚、粗纤维含量减少，叶绿素、咖啡碱、氨基酸含量增加 ，茶叶的持嫩性增加、苦涩味减少、鲜爽度提高颜色要较对照绿，绿茶的品质得到提高;遮荫后，茶叶茶多酚、粗纤维含量减少，相比对照，茶多酚最高减少13.45%，粗纤维最多减少56.4%:叶绿素、咖啡碱、氨基酸含量增加，相比对照，三者的增加最大值分别为40.65%、18.80%和15.102%。故遮荫后茶叶的持嫩性增加、苦涩味减少、鲜爽度提高，颜色较对照绿，绿茶的品质得到提高。,生境管理对亚热带丘陵茶园生态环境与茶叶品质的影响;茶园遮荫栽培与茶叶品质相关性机理的研究,亚热带丘陵茶,2
绿茶,包含,多酚,80T栽培的板栗间作绿茶的多酚和氨基酸比值最低，间作保洪绿茶中氨基酸含量较高，多酚含量较低，导致茶多酚与氨基酸比值较低，特别是80 T样品,Non-targeted and targeted metabolomics profiling of tea plants (Camellia sinensis) in response to its intercropping with Chinese chestnut,宝洪茶,1
绿茶,包含,多酚类物,缺氮显著降低了茶叶的N含量、干重、叶绿素含量、l -茶氨酸和N代谢相关酶的活性，提高了总黄酮类化合物和多酚类物质的含量。,Molecular and?physiological mechanisms of?tea (Camellia sinensis (L.) O. Kuntze) leaf and?root in?response to?nitrogen defciency,不明,1
绿茶,包含,多酚类物质,"适当的提高温度有利于茶树体内的碳代谢及糖类物质生成，糖类物质向多酚类物质的转化也加
快。 ;红光则能提升多酚类物质的含量。",山东绿茶品质的影响因素分析;影响茶树生长和茶叶品质的主要环境因子及其适应机制,山东绿茶/通用;通用,2
绿茶,包含,儿茶素,"遮荫有利于茶树简单儿茶素的积累，‘福鼎大白茶’、‘三花1951’在遮蔽栽培后，苦涩味指数下降17.99%、12.28%，对于春末绿茶出现“鲜爽”感官品质具有重要贡献;遮荫后,2个品种鲜叶试样的水浸出物、儿茶素、咖啡碱、氨基酸含量显著增加,;遮荫后，可溶性糖的增量较小，FF增加 0.56%，FS 增加 1.98%；此外，茶多酚含量 FF 下降6.10%，FS 降低 6.89%，儿茶素含量 FF 下降 3.18%，FS下降3.85%;低强度短时间的光照促进茶树体内儿茶素的积累，而光照过多则会抑制儿茶素的积累。;土壤pH适宜茶树种植。土壤pH与茶多酚、儿茶素呈u型关系;儿茶素与真菌多样性呈正相关，而总氨基酸和茶氨酸与真菌多样性呈负相关;900kg商品有机肥处理能增加茶芽的发芽密度及百芽重；在成品茶感官品质上表现为香气更为高爽清鲜，味道更为鲜爽甘甜；茶叶的氨基酸含量更高，茶多酚含量更低，氨酚比更适宜，且以EGCG、EGC为代表的儿茶素含量更低。;6月份儿茶素浓度高于9月份（p<0.05）;咖啡因、氨基酸和茶多酚等物质是茶叶品质的重要组成部分，干旱胁迫下茶叶中的总游离氨基酸、咖啡碱、总儿茶素等含量减少;水稻土产茶鲜叶氨基酸含量显著低于红壤和黄壤，儿茶素和黄酮醇苷含量显著高于其他土壤（P < 0.06）。;随着海拔的升高，氨基酸含量逐渐升高，儿茶素含量呈现先降低后升高的趋势；儿茶素含量随海拔升高而变化；黄酮类（醇类）苷含量在各海拔范围内变化不明显。;随着海拔的升高，总儿茶素含量先下降后上升（表3）;随海拔的升高，儿茶素和茶多酚含量随之减少，茶氨酸增加，某些鲜爽、清香型芳香物质大量积累，形成了山东绿茶香气纯正、滋味醇厚、口感鲜爽的特点。;茶杉复合茶园茶叶中氨基酸、叶绿素、咖啡碱和水浸出物的含量均不同程度高于单一茶园，儿茶素和茶多酚总量均低于单一茶园?茶杉复合茶园鲜叶制作的夏秋茶表现为外形色泽翠绿，汤色翠绿明亮，香味栗香持久，叶底黄绿鲜活，整体感官评价明显优于单一茶园;遮荫有利于茶树简单儿茶素的积累，‘福鼎大白茶’、‘三花1951’在遮蔽栽培后，苦涩味指数下降17.99%、12.27%，对于春末绿茶出现“鲜爽”感官品质具有重要贡献;遮荫后,2个品种鲜叶试样的水浸出物、儿茶素、咖啡碱、氨基酸含量显著增加,;遮荫有利于茶树简单儿茶素的积累，‘福鼎大白茶’、‘三花1951’在遮蔽栽培后，苦涩味指数下降 17.99%、12.27%，对于春末绿茶出现“鲜爽”感官品质具有重要贡献",四川茶区遮荫栽培对绿茶产量及制茶品质的综合影响;影响茶树生长和茶叶品质的主要环境因子及其适应机制;A Quadratic Regression Model to Quantify Plantation Soil Factors That Affect Tea Quality;Variations in?the?composition of?tea leaves and?soil microbial  community;有机肥部分替代化肥对成龄绿茶产量及品质的影响;影响茶树生长和茶叶品质的主要环境因子及其适应机制;Comprehensive analysis of environmental factors on the quality of tea (Camellia sinensis var. sinensis) fresh leaves ;山东绿茶品质的影响因素分析;生境管理对亚热带丘陵茶园生态环境与茶叶品质的影响;四川茶区遮荫栽培对绿茶产量及制茶品质的综合影响,四川绿茶/通用;四川绿茶/福鼎大白茶/三花;四川绿茶;通用;信阳毛尖茶;韩国济州岛茶;成龄茶;通用;宣恩县茶;山东绿茶/通用;亚热带丘陵茶;四川绿茶/通用;四川绿茶/福鼎大白茶/三花;四川绿茶/通用,17
绿茶,包含,二氢猕猴桃内酯,"绿茶中主要的芳香活性挥发物有芳樟醇、芳樟醇氧化物、香叶醇、顺式茉莉醇、吲哚、香豆素、二氢actinidiolide、茉莉酸甲酯、6-氯吲哚、5,6-环氧-β-ionone、反式香叶酮、叶绿醇和苯乙醇[37",Recent Advances in Volatiles of Teas,绿茶,1
绿茶,包含,反式香叶酮,"绿茶中主要的芳香活性挥发物有芳樟醇、芳樟醇氧化物、香叶醇、顺式茉莉醇、吲哚、香豆素、二氢actinidiolide、茉莉酸甲酯、6-氯吲哚、5,6-环氧-β-ionone、反式香叶酮、叶绿醇和苯乙醇[41",Recent Advances in Volatiles of Teas,绿茶,1
绿茶,包含,芳香物质,"研究表明，温度是影响茶叶香气的重要因子，适度的低温胁迫处理能
提高鲜叶中芳香物质的种类，改变香气物质的含量。",山东绿茶品质的影响因素分析,山东绿茶/通用,1
绿茶,包含,芳樟醇,"绿茶中主要的芳香活性挥发物有芳樟醇、芳樟醇氧化物、香叶醇、顺式茉莉醇、吲哚、香豆素、二氢actinidiolide、茉莉酸甲酯、6-氯吲哚、5,6-环氧-β-ionone、反式香叶酮、叶绿醇和苯乙醇[31；芳樟醇氧化物I和II的含量随海拔的升高而升高，在600 ~ 699 m处达到峰值，随后随海拔的升高而降低。",Recent Advances in Volatiles of Teas,绿茶,1
绿茶,包含,芳樟醇氧化物,"绿茶中主要的芳香活性挥发物有芳樟醇、芳樟醇氧化物、香叶醇、顺式茉莉醇、吲哚、香豆素、二氢actinidiolide、茉莉酸甲酯、6-氯吲哚、5,6-环氧-β-ionone、反式香叶酮、叶绿醇和苯乙醇[32",Recent Advances in Volatiles of Teas；Comprehensive analysis of environmental factors on the quality of tea (Camellia sinensis var. sinensis) fresh leaves ,绿茶,2
绿茶,包含,酚氨比,"化肥减施处理中，与 CK处理相比，化肥减施 20%，其茶叶内营养成分含量未发生显著变化，而酚氨比降低，提高了绿茶的品质，茶叶产量亦未出现明显差异;单施有机肥和混施有机肥的茶叶中茶多酚、咖啡碱、氨基酸和水浸出物的含量均显著增加，酚氨比减小;主要表现为茶新梢茶多酚含量降低，氨基酸含量、水浸出物含量升高，同时也降低了茶树新梢的酚氨比，提高了茶叶品质。;研究发现增施有机肥较习惯施肥提高了茶叶中水浸出物、游离氨基酸、茶多酚的含量，并降低了咖啡碱
含量和酚氨比;2017 年全年茶青产量提高了 13.28%和2.5%，茶叶中的水浸出物、氨基酸和茶多酚的含量均有所提高，酚氨比降低，
提高了绿茶的品质。;在茶叶品质方面，施用土壤改良剂显著提高了茶中咖啡因含量，BF和BMF处理显著提高了茶多酚、游离氨基酸和水提取物含量。此外，BMF显著降低了多酚与氨基酸的比例。;80T栽培的板栗间作绿茶的多酚和氨基酸比值最低，间作保洪绿茶中氨基酸含量较高，多酚含量较低，导致茶多酚与氨基酸比值较低，特别是80 T样品。;阮等（2012）提出在茶叶栽培中补充镁可以有效降低茶叶中总多酚与氨基酸的比值（TP/AA），这与本研究结果一致，BMF处理显著降低了茶叶的TT/AA比值。",减施化肥和配施有机肥对茶园土壤养分及茶叶产量和品质的影响;不同有机肥处理对茶园土壤茶树生长及茶叶品质的影响;高温时期遮荫处理对茶树生长的影响;有机肥+茶树专用肥”高效施用技术模式;Combined application of?biochar and?magnesium fertilizer effectively improved the?soil environment and?the?tea quality in?southern strongly acidic tea garden;Non-targeted and targeted metabolomics profiling of tea plants (Camellia sinensis) in response to its intercropping with Chinese chestnut,浙江绿茶;陕西茶;亚热带丘陵红壤茶园;福建茶;宝洪茶,9
绿茶,包含,酚氨比值,"与平地茶相比，高山茶的酚氨比值小，氨基酸含量高，形成了滋味鲜浓
的高山茶特色。;说明平均风速对绿茶品质形成有一定影响，平均风速＜1.5 m/s时样本的氨酚比更大。",山东绿茶品质的影响因素分析;湖北省绿茶气候品质综合指数模型研究,山东绿茶/通用;湖北绿茶,2
绿茶,包含,酚酸,鲜茶叶中酚酸含量与全磷含量也呈极显著正相关,Comprehensive analysis of environmental factors on the quality of tea (Camellia sinensis var. sinensis) fresh leaves ,宣恩县茶,1
绿茶,包含,甘氨酸 ,表9 遮荫处理下鲜叶的游离氨基酸组分分析,四川茶区遮荫栽培对绿茶产量及制茶品质的综合影响,通用,1
绿茶,包含,高爽,增施有机肥的茶叶感官品质上表现为香气更为清鲜，味道更高爽,有机肥部分替代化肥对成龄绿茶产量及品质的影响,成龄茶,1
绿茶,包含,谷氨酸,"海拔越高，天冬氨酸和谷氨酸含量越高;在调高的促味氨基酸中，l -蛋氨酸（Met）、Pro、Ala、l -苏氨酸（Thr）和Ser是甜味化合物；谷氨酸（Glu）、谷氨酸（Gln）、l -天冬氨酸（Asn）和l -天冬氨酸（Asp）构成鲜味；苯丙氨酸和l -甘氨酸（Gly）产生花香[Yu and Yang综述][18]。Asn在间作中上调幅度最大（3.30倍）。值得注意的是，对口感贡献最大的氨基酸，如Glu、Asp和Gln，在间作体系中浓度均在10,003 nmol/g以上，为间作体系中生产优质绿茶提供了丰富的原料;茶园遮阴使辐射到茶树冠层的蓝紫光增加，有利于茶叶中茶氨酸和谷氨[26,28]酸等的合成，使茶的滋味更为醇厚;与氨基酸代谢相关的代谢物，尤其是谷氨酸、谷氨酰胺、赖氨酸和精氨酸的表达上调，而蔗糖和d -葡萄糖- 6p的表达下调。",Comprehensive analysis of environmental factors on the quality of tea (Camellia sinensis var. sinensis) fresh leaves ;Non-targeted and targeted metabolomics profiling of tea plants (Camellia sinensis) in response to its intercropping with Chinese chestnut;影响茶树生长和茶叶品质的主要环境因子及其适应机制;The efects of?tea plants-soybean intercropping on?the?secondary metabolites of?tea plants by?metabolomics analysis,通用;宝洪茶;南京 “苏茶早” ,4
绿茶,包含,谷氨酸 ,表9 遮荫处理下鲜叶的游离氨基酸组分分析,四川茶区遮荫栽培对绿茶产量及制茶品质的综合影响,通用,1
绿茶,包含,谷氨酰胺,谷氨酸和谷氨酰胺含量均随海拔升高而增加，在海拔700 ~ 799 m处达到峰值;间作的l -丙氨酸（Ala）、l -脯氨酸（Pro）、苯丙氨酸（Phe）、l -丝氨酸（Ser）和l -谷氨酰胺（Gln）含量明显高于单作。;与氨基酸代谢相关的代谢物，尤其是谷氨酸、谷氨酰胺、赖氨酸和精氨酸的表达上调，而蔗糖和d -葡萄糖- 6p的表达下调。,Comprehensive analysis of environmental factors on the quality of tea (Camellia sinensis var. sinensis) fresh leaves ;Non-targeted and targeted metabolomics profiling of tea plants (Camellia sinensis) in response to its intercropping with Chinese chestnut;The efects of?tea plants-soybean intercropping on?the?secondary metabolites of?tea plants by?metabolomics analysis,宣恩县茶;宝洪茶;南京 “苏茶早” ,3
绿茶,包含,谷氨酰胺 ,表9 遮荫处理下鲜叶的游离氨基酸组分分析,四川茶区遮荫栽培对绿茶产量及制茶品质的综合影响,通用,1
绿茶,包含,含氮化合物,气温低时，氨基酸、蛋白质及一些含氮化合物增 加，形成了茶叶鲜爽的滋味特点。 ,山东绿茶品质的影响因素分析,山东绿茶/通用,2
绿茶,包含,花香,粘土中种植的葡萄果实具有更强的花香、甜味和水果香味，并且含有更少的己酸乙酯、异戊醇、异丁醇、z- 3-己醇和1-己醇,Comprehensive analysis of environmental factors on the quality of tea (Camellia sinensis var. sinensis) fresh leaves ,宣恩县茶,1
绿茶,包含,黄绿鲜活,茶杉复合茶园茶叶中氨基酸、叶绿素、咖啡碱和水浸出物的含量均不同程度高于单一茶园，儿茶素和茶多酚总量均低于单一茶园?茶杉复合茶园鲜叶制作的夏秋茶表现为外形色泽翠绿，汤色翠绿明亮，香味栗香持久，叶底黄绿鲜活，整体感官评价明显优于单一茶园,生境管理对亚热带丘陵茶园生态环境与茶叶品质的影响,亚热带丘陵茶,1
绿茶,包含,黄嘌呤酸,两种模式下间作样品的黄嘌呤酸（XA）含量均高于T处理样品，而犬尿酸（KA）含量均低于T处理样品,Non-targeted and targeted metabolomics profiling of tea plants (Camellia sinensis) in response to its intercropping with Chinese chestnut,宝洪茶,1
绿茶,包含,黄酮醇苷,水稻土产茶鲜叶氨基酸含量显著低于红壤和黄壤，儿茶素和黄酮醇苷含量显著高于其他土壤（P < 0.07）。,Comprehensive analysis of environmental factors on the quality of tea (Camellia sinensis var. sinensis) fresh leaves ,宣恩县茶,1
绿茶,包含,黄酮类（醇类）,随着海拔的升高，氨基酸含量逐渐升高，儿茶素含量呈现先降低后升高的趋势；儿茶素含量随海拔升高而变化；黄酮类（醇类）苷含量在各海拔范围内变化不明显。;不同海拔地区的黄酮类（醇）苷含量差异不显著。,Comprehensive analysis of environmental factors on the quality of tea (Camellia sinensis var. sinensis) fresh leaves ,宣恩县茶,2
绿茶,包含,挥发性苷,"鲜茶叶中挥发性苷含量与Mo、S含量呈负相关（相关系数分别为?0.420和?0.484）;海拔高度与挥发油苷丰度呈负相关（相关系数为0.328,P < 0.01）。",Comprehensive analysis of environmental factors on the quality of tea (Camellia sinensis var. sinensis) fresh leaves ,宣恩县茶,3
绿茶,包含,钾,此外，在采摘前中期，施用叶面肥 1 和叶面肥 6 可适当促进茶树对氮、磷、钾的吸收。;此外，在采摘前中期，施用叶面肥 1 和叶面肥 7 可适当促进茶树对氮、磷、钾的吸收。,喷施叶面肥对春茶产量及品质的影响,春茶,2
绿茶,包含,精氨酸,精氨酸的含量在不同海拔仅次于茶氨酸，随着海拔的增加而增加（表S17）。不同海拔地区茶叶鲜叶中氨基酸含量相对较高。;与氨基酸代谢相关的代谢物，尤其是谷氨酸、谷氨酰胺、赖氨酸和精氨酸的表达上调，而蔗糖和d -葡萄糖- 6p的表达下调。;表9 遮荫处理下鲜叶的游离氨基酸组分分析,Comprehensive analysis of environmental factors on the quality of tea (Camellia sinensis var. sinensis) fresh leaves ;The efects of?tea plants-soybean intercropping on?the?secondary metabolites of?tea plants by?metabolomics analysis;四川茶区遮荫栽培对绿茶产量及制茶品质的综合影响,宣恩县茶;南京 “苏茶早” ;通用,3
绿茶,包含,咖啡碱,"遮荫后,2个品种鲜叶试样的水浸出物、儿茶素、咖啡碱、氨基酸含量显著增加,;单施有机肥和混施有机肥的茶叶中茶多酚、咖啡碱、氨基酸和水浸出物的含量均显著增加，酚氨比减小;叶面喷施 0.02 g/I处理茶叶各化学品质指标含量最高,化;结果表明,茶叶无机硒含量、有机硒含量与总硒含量随叶面喷施硒浓度的增加而增加。;咖啡因、氨基酸和茶多酚等物质是茶叶品质的重要组成部分，干旱胁迫下茶叶中的总游离氨基酸、咖啡碱、总儿茶素等含量减少;研究发现增施有机肥较习惯施肥提高了茶叶中水浸出物、游离氨基酸、茶多酚的含量，并降低了咖啡碱
含量和酚氨比;900kg商品有机肥处理能增加茶芽的发芽密度及百芽重；在成品茶感官品质上表现为香气更为高爽清鲜，味道更为鲜爽甘甜；茶叶的氨基酸含量更高，茶多酚含量更低，氨酚比更适宜，且以EGCG、EGC为代表的儿茶素含量更低。;茶园温度的3个指标与茶青产量和茶青茶产率呈正相关趋势，与咖啡碱、茶多酚和氨基酸含量呈显著或极显著的正相关，与茶青叶绿素含量呈正相关关系;园空气湿度的3个指标与茶青产量呈正相关关系，与茶青杂率呈负相关关系，而与茶青品质的咖啡碱、茶多酚2个生化指标呈正相关关系，与氨基酸和叶绿素含量呈负相关关系。;茶杉复合茶园茶叶中氨基酸、叶绿素、咖啡碱和水浸出物的含量均不同程度高于单一茶园，儿茶素和茶多酚总量均低于单一茶园?茶杉复合茶园鲜叶制作的夏秋茶表现为外形色泽翠绿，汤色翠绿明亮，香味栗香持久，叶底黄绿鲜活，整体感官评价明显优于单一茶园;茶树冠面光照强度与茶青产量和茶产率呈正相关趋势，而与茶青品质各生化指标均呈负相关趋势，相关系数均未达显著水平。;遮荫后,2个品种鲜叶试样的水浸出物、儿茶素、咖啡碱、氨基酸含量显著增加,;遮光后茶叶茶多酚、粗纤维含量减少，叶绿素、咖啡碱、氨基酸含量增加 ，茶叶的持嫩性增加、苦涩味减少、鲜爽度提高颜色要较对照绿，绿茶的品质得到提高;张文锦等 研究发现，茶园遮阴能促进咖啡碱的生成和积累，且在一定范围内遮阴率与咖啡碱的生成量成正比。;遮荫后，茶叶茶多酚、粗纤维含量减少，相比对照，茶多酚最高减少13.45%，粗纤维最多减少56.4%:叶绿素、咖啡碱、氨基酸含量增加，相比对照，三者的增加最大值分别为40.65%、18.80%和15.97%。故遮荫后茶叶的持嫩性增加、苦涩味减少、鲜爽度提高，颜色较对照绿，绿茶的品质得到提高。",四川茶区遮荫栽培对绿茶产量及制茶品质的综合影响;不同有机肥处理对茶园土壤茶树生长及茶叶品质的影响;叶面喷施硒肥对绿茶硒含量及品质的影响;影响茶树生长和茶叶品质的主要环境因子及其适应机制;有机肥+茶树专用肥”高效施用技术模式;有机肥部分替代化肥对成龄绿茶产量及品质的影响;南京地区大棚茶园小气候特征及对茶青产量和品质效应;生境管理对亚热带丘陵茶园生态环境与茶叶品质的影响;四川茶区遮荫栽培对绿茶产量及制茶品质的综合影响;生境管理对亚热带丘陵茶园生态环境与茶叶品质的影响;影响茶树生长和茶叶品质的主要环境因子及其适应机制;茶园遮荫栽培与茶叶品质相关性机理的研究,四川绿茶/福鼎大白茶/三花;陕西茶;贵州绿茶都匀毛尖;通用;浙江绿茶;成龄茶;南京绿茶;亚热带丘陵茶;四川绿茶/福鼎大白茶/三花;亚热带丘陵茶;通用,16
绿茶,包含,咖啡碱含量,各处理间水浸出物含量、咖啡碱含量不存在明显差异。,高温时期遮荫处理对茶树生长的影响,亚热带丘陵红壤茶园,1
绿茶,包含,咖啡因,"土壤pH与NH+ 6 -N、游离氨基酸、土壤pH与咖啡因呈倒u型关系。;在茶叶品质方面，施用土壤改良剂显著提高了茶中咖啡因含量，BF和BMF处理显著提高了茶多酚、游离氨基酸和水提取物含量。此外，BMF显著降低了多酚与氨基酸的比例。;巨芽孢杆菌、胶体芽孢杆菌和枯草芽孢杆菌基生物有机肥与常规化肥相比，茶多酚、氨基酸和咖啡因含量分别提高了17.71%、33.5%和22.20%。;BMF处理显著提高了茶叶品质，包括茶多酚、氨基酸、咖啡因和水提取物含量，分别比对照提高了16.46%、32.67%、39.22%和22.56%。;在一定的海拔范围内，海拔升高会增强茶树的N代谢，有利于氨基酸等化合物的积累（Wang et al ., 2022b）。随着海拔的升高，氨基酸和咖啡因的含量增加，而茶多酚的丰度在海拔超过800 m后开始增加，然后开始下降（Wang et al, 2023c）","A Quadratic Regression Model to Quantify Plantation Soil Factors That Affect Tea Quality;Combined application of?biochar and?magnesium fertilizer effectively improved the?soil environment and?the?tea quality in?southern strongly acidic tea garden;Efects of?Bio?organic Fertilizer on?Soil Fertility, Yield, and?Quality of?Tea;Comprehensive analysis of environmental factors on the quality of tea (Camellia sinensis var. sinensis) fresh leaves ",信阳毛尖茶;福建茶;浙江茶;通用,7
绿茶,包含,可溶性蛋白,与NL相比，50%NL显著降低了无蚜茶苗叶片SPs（-15.90%）、SSs（-68.95%）和FFAs（-23.58%）含量，70%NL也显著降低了无蚜茶苗叶片SSs含量（-39.24%）(P<0.05；图3A)，而50%NL显著提高了叶片SPs（+40.89%）、SSs（+89.81%）和FAAs含量，蚜虫侵染显著增加（+42.96%）,"Infuence of?reduced N-fertilizer application 
on?foliar chemicals and?functional qualities 
of?tea plants under?Toxoptera?aurantii infestation",龙井茶,1
绿茶,包含,可溶性糖,"与NL相比，50%NL显著降低了无蚜茶苗叶片SPs（-15.90%）、SSs（-68.95%）和FFAs（-23.58%）含量，70%NL也显著降低了无蚜茶苗叶片SSs含量（-39.24%）(P<0.05；图3A)，而50%NL显著提高了叶片SPs（+40.89%）、SSs（+89.81%）和FAAs含量，蚜虫侵染显著增加（+42.97%）;遮荫后,可溶性糖的增量较小;黄云英盛花期，大豆间作茶树的茶氨基酸和可溶性糖含量分别增加了6.89%和54.59%。","Infuence of?reduced N-fertilizer application 
on?foliar chemicals and?functional qualities 
of?tea plants under?Toxoptera?aurantii infestation;四川茶区遮荫栽培对绿茶产量及制茶品质的综合影响;Leguminous green manure intercropping changes the soil microbial community and increases soil nutrients and key quality components of tea leaves",龙井茶;四川绿茶;不明,4
绿茶,包含,苦,"表9 遮荫处理下鲜叶的游离氨基酸组分分析;遮荫后,FF与F相比,甜味、甜略苦、苦略甜、甜而回味苦有增加趋势,分别增加 0.02%、0.23%、0.99%、1.84%,而鲜爽味、苦味有下降趋势，分别下降2.69%、0.41%;;与S相比;遮荫后FS鲜爽味增加了3.05%,而甜味、甜略苦、苦味、苦略甜、甜而回味苦呈下降趋势,分别下降了1.53%、0.24%、0.01%、0.96%、0.34%。;遮荫后,FF与F相比,甜味、甜略苦、苦略甜、甜而回味苦有增加趋势,分别增加 0.02%、0.23%、0.99%、1.84%,而鲜爽味、苦味有下降趋势，分别下降2.69%、0.39%;;与S相比;遮荫后FS鲜爽味增加了3.05%,而甜味、甜略苦、苦味、苦略甜、甜而回味苦呈下降趋势,分别下降了1.53%、0.24%、0.01%、0.96%、0.34%。",四川茶区遮荫栽培对绿茶产量及制茶品质的综合影响,通用;四川绿茶/福鼎大白茶;四川绿茶/三花1594,8
绿茶,包含,苦黄酮,套作中尿囊酸、糖、糖醇和油酸含量高于单作，苦黄酮含量低于单作,Non-targeted and targeted metabolomics profiling of tea plants (Camellia sinensis) in response to its intercropping with Chinese chestnut,宝洪茶,1
绿茶,包含,苦略甜,"表9 遮荫处理下鲜叶的游离氨基酸组分分析;与S相比;遮荫后FS鲜爽味增加了3.05%,而甜味、甜略苦、苦味、苦略甜、甜而回味苦呈下降趋势,分别下降了1.53%、0.24%、0.01%、0.96%、0.35%。;遮荫后,FF与F相比,甜味、甜略苦、苦略甜、甜而回味苦有增加趋势,分别增加 0.02%、0.23%、0.99%、1.86%",四川茶区遮荫栽培对绿茶产量及制茶品质的综合影响,通用;四川绿茶/三花1595;四川绿茶/福鼎大白茶,6
绿茶,包含,苦涩味,遮光后茶叶茶多酚、粗纤维含量减少，叶绿素、咖啡碱、氨基酸含量增加 ，茶叶的持嫩性增加、苦涩味减少、鲜爽度提高颜色要较对照绿，绿茶的品质得到提高;遮荫后，茶叶茶多酚、粗纤维含量减少，相比对照，茶多酚最高减少13.45%，粗纤维最多减少56.4%:叶绿素、咖啡碱、氨基酸含量增加，相比对照，三者的增加最大值分别为40.65%、18.80%和15.100%。故遮荫后茶叶的持嫩性增加、苦涩味减少、鲜爽度提高，颜色较对照绿，绿茶的品质得到提高。,生境管理对亚热带丘陵茶园生态环境与茶叶品质的影响;茶园遮荫栽培与茶叶品质相关性机理的研究,亚热带丘陵茶,2
绿茶,包含,赖氨酸,与氨基酸代谢相关的代谢物，尤其是谷氨酸、谷氨酰胺、赖氨酸和精氨酸的表达上调，而蔗糖和d -葡萄糖- 6p的表达下调。,The efects of?tea plants-soybean intercropping on?the?secondary metabolites of?tea plants by?metabolomics analysis,南京 “苏茶早” ,1
绿茶,包含,赖氨酸 ,表9 遮荫处理下鲜叶的游离氨基酸组分分析,四川茶区遮荫栽培对绿茶产量及制茶品质的综合影响,通用,1
绿茶,包含,酪氨酸 ,表9 遮荫处理下鲜叶的游离氨基酸组分分析,四川茶区遮荫栽培对绿茶产量及制茶品质的综合影响,通用,1
绿茶,包含,利比醇,间作条件下，鼠李糖、麦芽糖二糖、d -木糖和糖醇、利比醇、l -二糖醇、d -苏糖醇含量均上调,Non-targeted and targeted metabolomics profiling of tea plants (Camellia sinensis) in response to its intercropping with Chinese chestnut,宝洪茶,1
绿茶,包含,栗香持久,茶杉复合茶园茶叶中氨基酸、叶绿素、咖啡碱和水浸出物的含量均不同程度高于单一茶园，儿茶素和茶多酚总量均低于单一茶园?茶杉复合茶园鲜叶制作的夏秋茶表现为外形色泽翠绿，汤色翠绿明亮，香味栗香持久，叶底黄绿鲜活，整体感官评价明显优于单一茶园,生境管理对亚热带丘陵茶园生态环境与茶叶品质的影响,亚热带丘陵茶,1
绿茶,包含,亮氨酸 ,表9 遮荫处理下鲜叶的游离氨基酸组分分析,四川茶区遮荫栽培对绿茶产量及制茶品质的综合影响,通用,1
绿茶,包含,磷,此外，在采摘前中期，施用叶面肥 1 和叶面肥 4 可适当促进茶树对氮、磷、钾的吸收。;此外，在采摘前中期，施用叶面肥 1 和叶面肥 5 可适当促进茶树对氮、磷、钾的吸收。,喷施叶面肥对春茶产量及品质的影响,春茶,2
绿茶,包含,绿尚亮,"遮荫后叶底差异明显,均由黄绿尚亮转为绿尚亮。",四川茶区遮荫栽培对绿茶产量及制茶品质的综合影响,四川绿茶,2
绿茶,包含,麦芽糖二糖,间作条件下，鼠李糖、麦芽糖二糖、d -木糖和糖醇、利比醇、l -二糖醇、d -苏糖醇含量均上调,Non-targeted and targeted metabolomics profiling of tea plants (Camellia sinensis) in response to its intercropping with Chinese chestnut,宝洪茶,1
绿茶,包含,茉莉内酯,间作条件下，茉莉内酯、油酸和硬脂酰肉碱等脂质上调,Non-targeted and targeted metabolomics profiling of tea plants (Camellia sinensis) in response to its intercropping with Chinese chestnut,宝洪茶,1
绿茶,包含,茉莉酸甲酯,"绿茶中主要的芳香活性挥发物有芳樟醇、芳樟醇氧化物、香叶醇、顺式茉莉醇、吲哚、香豆素、二氢actinidiolide、茉莉酸甲酯、6-氯吲哚、5,6-环氧-β-ionone、反式香叶酮、叶绿醇和苯乙醇[38",Recent Advances in Volatiles of Teas,绿茶,1
绿茶,包含,尿囊酸,套作中尿囊酸、糖、糖醇和油酸含量高于单作，苦黄酮含量低于单作;与单作相比，间作中11种有机酸显著上调，7种显著下调。尿囊酸的偶联酸尿囊酸上调幅度最大（3.3倍）,Non-targeted and targeted metabolomics profiling of tea plants (Camellia sinensis) in response to its intercropping with Chinese chestnut,宝洪茶,2
绿茶,包含,脯氨酸,间作的l -丙氨酸（Ala）、l -脯氨酸（Pro）、苯丙氨酸（Phe）、l -丝氨酸（Ser）和l -谷氨酰胺（Gln）含量明显高于单作。,Non-targeted and targeted metabolomics profiling of tea plants (Camellia sinensis) in response to its intercropping with Chinese chestnut,宝洪茶,1
绿茶,包含,脯氨酸 ,表9 遮荫处理下鲜叶的游离氨基酸组分分析,四川茶区遮荫栽培对绿茶产量及制茶品质的综合影响,通用,1
绿茶,包含,七醛,"与低海拔地区的茶叶相比，高海拔地区茶叶中七醛和雪松醇的含量分别高出48%和60%，这是茶叶香气较高的主要原因（Liu et al ., 2015）",Comprehensive analysis of environmental factors on the quality of tea (Camellia sinensis var. sinensis) fresh leaves ,通用,1
绿茶,包含,芹菜素,黄酮类化合物仅在阳性模式下检测到；其中2个显著上调，4个显著下调。芹菜素增加1.76倍,Non-targeted and targeted metabolomics profiling of tea plants (Camellia sinensis) in response to its intercropping with Chinese chestnut,宝洪茶,1
绿茶,包含,清鲜,900kg商品有机肥处理能增加茶芽的发芽密度及百芽重；在成品茶感官品质上表现为香气更为高爽清鲜，味道更为鲜爽甘甜；茶叶的氨基酸含量更高，茶多酚含量更低，氨酚比更适宜，且以EGCG、EGC为代表的儿茶素含量更低。,有机肥部分替代化肥对成龄绿茶产量及品质的影响,成龄茶,1
绿茶,包含,醛,醛、酮含量随海拔变化变化缓慢，总体随海拔升高而升高,Comprehensive analysis of environmental factors on the quality of tea (Camellia sinensis var. sinensis) fresh leaves ,通用,1
绿茶,包含,犬尿酸,两种模式下间作样品的黄嘌呤酸（XA）含量均高于T处理样品，而犬尿酸（KA）含量均低于T处理样品,Non-targeted and targeted metabolomics profiling of tea plants (Camellia sinensis) in response to its intercropping with Chinese chestnut,宝洪茶,1
绿茶,包含,色泽翠绿,茶杉复合茶园茶叶中氨基酸、叶绿素、咖啡碱和水浸出物的含量均不同程度高于单一茶园，儿茶素和茶多酚总量均低于单一茶园?茶杉复合茶园鲜叶制作的夏秋茶表现为外形色泽翠绿，汤色翠绿明亮，香味栗香持久，叶底黄绿鲜活，整体感官评价明显优于单一茶园,生境管理对亚热带丘陵茶园生态环境与茶叶品质的影响,亚热带丘陵茶,1
绿茶,包含,深绿,"外形上,遮荫采制茶样的色泽均为深绿。",四川茶区遮荫栽培对绿茶产量及制茶品质的综合影响,四川绿茶,2
绿茶,包含,鼠李糖,间作条件下，鼠李糖、麦芽糖二糖、d -木糖和糖醇、利比醇、l -二糖醇、d -苏糖醇含量均上调,Non-targeted and targeted metabolomics profiling of tea plants (Camellia sinensis) in response to its intercropping with Chinese chestnut,宝洪茶,1
绿茶,包含,水果味,粘土中种植的葡萄果实具有更强的花香、甜味和水果香味，并且含有更少的己酸乙酯、异戊醇、异丁醇、z- 3-己醇和1-己醇,Comprehensive analysis of environmental factors on the quality of tea (Camellia sinensis var. sinensis) fresh leaves ,宣恩县茶,1
绿茶,包含,水浸出物,"遮荫后,2个品种鲜叶试样的水浸出物、儿茶素、咖啡碱、氨基酸含量显著增加,;单施有机肥和混施有机肥的茶叶中茶多酚、咖啡碱、氨基酸和水浸出物的含量均显著增加，酚氨比减小;叶面喷施 0.02 g/I处理茶叶各化学品质指标含量最高,化;结果表明,茶叶无机硒含量、有机硒含量与总硒含量随叶面喷施硒浓度的增加而增加。;各处理间水浸出物含量、咖啡碱含量不存在明显差异。;研究发现增施有机肥较习惯施肥提高了茶叶中水浸出物、游离氨基酸、茶多酚的含量，并降低了咖啡碱
含量和酚氨比;900kg商品有机肥处理能增加茶芽的发芽密度及百芽重；在成品茶感官品质上表现为香气更为高爽清鲜，味道更为鲜爽甘甜；茶叶的氨基酸含量更高，茶多酚含量更低，氨酚比更适宜，且以EGCG、EGC为代表的儿茶素含量更低。;2017 年全年茶青产量提高了 13.28%和2.5%，茶叶中的水浸出物、氨基酸和茶多酚的含量均有所提高，酚氨比降低，
提高了绿茶的品质。;在茶叶品质方面，施用土壤改良剂显著提高了茶中咖啡因含量，BF和BMF处理显著提高了茶多酚、游离氨基酸和水提取物含量。此外，BMF显著降低了多酚与氨基酸的比例。;茶杉复合茶园茶叶中氨基酸、叶绿素、咖啡碱和水浸出物的含量均不同程度高于单一茶园，儿茶素和茶多酚总量均低于单一茶园?茶杉复合茶园鲜叶制作的夏秋茶表现为外形色泽翠绿，汤色翠绿明亮，香味栗香持久，叶底黄绿鲜活，整体感官评价明显优于单一茶园;茶园适度遮阴能降低茶树的光合作用，显著提高茶叶中氨基酸含量，增加水浸出物含量 P4252;遮荫后,2个品种鲜叶试样的水浸出物、儿茶素、咖啡碱、氨基酸含量显著增加,;肖润林等四研究表明,随遮荫程度的提高，茶叶中氨基酸、水浸出物显著提高。",四川茶区遮荫栽培对绿茶产量及制茶品质的综合影响;不同有机肥处理对茶园土壤茶树生长及茶叶品质的影响;叶面喷施硒肥对绿茶硒含量及品质的影响;高温时期遮荫处理对茶树生长的影响;有机肥+茶树专用肥”高效施用技术模式;有机肥部分替代化肥对成龄绿茶产量及品质的影响;减施化肥和配施有机肥对茶园土壤养分及茶叶产量和品质的影响;Combined application of?biochar and?magnesium fertilizer effectively improved the?soil environment and?the?tea quality in?southern strongly acidic tea garden;生境管理对亚热带丘陵茶园生态环境与茶叶品质的影响;影响茶树生长和茶叶品质的主要环境因子及其适应机制;四川茶区遮荫栽培对绿茶产量及制茶品质的综合影响;南京地区大棚茶园小气候特征及对茶青产量和品质效应,四川绿茶/福鼎大白茶/三花;陕西茶;贵州绿茶都匀毛尖;亚热带丘陵红壤茶园;浙江绿茶;成龄茶;福建茶;亚热带丘陵茶;通用;四川绿茶/福鼎大白茶/三花;南京绿茶,14
绿茶,包含,水提取物含量,BMF处理显著提高了茶叶品质，包括茶多酚、氨基酸、咖啡因和水提取物含量，分别比对照提高了16.46%、32.67%、39.22%和22.56%。,Combined application of?biochar and?magnesium fertilizer effectively improved the?soil environment and?the?tea quality in?southern strongly acidic tea garden,福建茶,1
绿茶,包含,水杨酸甲酯,水杨酸甲酯含量随海拔升高而缓慢上升，在海拔800 ~ 899 m处达到峰值，随后缓慢下降,Comprehensive analysis of environmental factors on the quality of tea (Camellia sinensis var. sinensis) fresh leaves ,通用,1
绿茶,包含,顺式茉莉醇,"绿茶中主要的芳香活性挥发物有芳樟醇、芳樟醇氧化物、香叶醇、顺式茉莉醇、吲哚、香豆素、二氢actinidiolide、茉莉酸甲酯、6-氯吲哚、5,6-环氧-β-ionone、反式香叶酮、叶绿醇和苯乙醇[34",Recent Advances in Volatiles of Teas,绿茶,1
绿茶,包含,丝氨酸,间作的l -丙氨酸（Ala）、l -脯氨酸（Pro）、苯丙氨酸（Phe）、l -丝氨酸（Ser）和l -谷氨酰胺（Gln）含量明显高于单作。,Non-targeted and targeted metabolomics profiling of tea plants (Camellia sinensis) in response to its intercropping with Chinese chestnut,宝洪茶,1
绿茶,包含,丝氨酸 ,表9 遮荫处理下鲜叶的游离氨基酸组分分析,四川茶区遮荫栽培对绿茶产量及制茶品质的综合影响,通用,1
绿茶,包含,苏氨酸,"在调高的促味氨基酸中，l -蛋氨酸（Met）、Pro、Ala、l -苏氨酸（Thr）和Ser是甜味化合物；谷氨酸（Glu）、谷氨酸（Gln）、l -天冬氨酸（Asn）和l -天冬氨酸（Asp）构成鲜味；苯丙氨酸和l -甘氨酸（Gly）产生花香[Yu and Yang综述][18]。Asn在间作中上调幅度最大（3.30倍）。值得注意的是，对口感贡献最大的氨基酸，如Glu、Asp和Gln，在间作体系中浓度均在10,001 nmol/g以上，为间作体系中生产优质绿茶提供了丰富的原料",Non-targeted and targeted metabolomics profiling of tea plants (Camellia sinensis) in response to its intercropping with Chinese chestnut,宝洪茶,1
绿茶,包含,苏氨酸 ,表9 遮荫处理下鲜叶的游离氨基酸组分分析,四川茶区遮荫栽培对绿茶产量及制茶品质的综合影响,通用,1
绿茶,包含,素咖啡碱,"在水分胁迫下,茶树叶片碳氮合成代谢会减弱,使氨基酸和蛋白质的合成遭受严重影响,干早会促使叶片老化,使茶树新梢中茶多酚、素咖啡碱等含量显著降低，导致茶叶的品质下降。",高温干旱对茶树生长和品质影响机理的研究进展,通用,1
绿茶,包含,酸,在海拔600 ~ 699 m处，酸含量相对较低，但随着海拔的升高而升高。,Comprehensive analysis of environmental factors on the quality of tea (Camellia sinensis var. sinensis) fresh leaves ,通用,1
绿茶,包含,碳水化合物,"另外，高温下呼吸作用增强，可溶性碳水化合物被大量消耗，因降解量大于合成量，导致碳水化合物含量
呈下降趋势。",高温干旱对茶树生长和品质影响机理的研究进展,通用,1
绿茶,包含,汤色,"光合辐照度对铁观音茶感官品质的外形、香气、汤色、滋味、叶底均呈现负向影响，是影响
铁观音茶感官审评综合得分的重要因子。;汤色上,遮荫后的评分均略有下降。;土壤 pH 是影响铁观音秋茶感官品质的关键主导因子，其对秋茶外形和汤色呈负相关，与秋茶香气、滋味、叶底和综合得分，呈正相关;土壤速效磷对铁观音秋茶感官品质呈现出一致的正效应;是春季茶叶外形、汤色和茶叶综合得分的关键因子。;土壤速效钾是影响铁观音成茶感官审评综合得分的关键主导因子，对成茶综合得分影响的累积 VIP 值为 2.69，其对铁观音春、秋茶的滋味、汤色、叶底和茶叶综合评分均呈负相关，与春茶外形、秋茶香气呈正相关;施肥处理对于茶叶的汤色、叶底改变相对较小",影响铁观音茶树没食子酸含量和产量品质的生态因子及其优化方案研究;四川茶区遮荫栽培对绿茶产量及制茶品质的综合影响;有机肥部分替代化肥对成龄绿茶产量及品质的影响,铁观音;四川绿茶/福鼎大白茶;铁观音秋茶;铁观音秋茶;铁观音春茶;铁观音春秋茶;成龄茶,8
绿茶,包含,糖,套作中尿囊酸、糖、糖醇和油酸含量高于单作，苦黄酮含量低于单作,Non-targeted and targeted metabolomics profiling of tea plants (Camellia sinensis) in response to its intercropping with Chinese chestnut,宝洪茶,1
绿茶,包含,糖醇,套作中尿囊酸、糖、糖醇和油酸含量高于单作，苦黄酮含量低于单作,Non-targeted and targeted metabolomics profiling of tea plants (Camellia sinensis) in response to its intercropping with Chinese chestnut,宝洪茶,1
绿茶,包含,糖类物质,"适当的提高温度有利于茶树体内的碳代谢及糖类物质生成，糖类物质向多酚类物质的转化也加
快。 ;红橙光有利于茶树碳代谢和糖类物质合成",山东绿茶品质的影响因素分析;影响茶树生长和茶叶品质的主要环境因子及其适应机制,山东绿茶/通用;通用,2
绿茶,包含,天冬氨酸,"海拔越高，天冬氨酸和谷氨酸含量越高;在调高的促味氨基酸中，l -蛋氨酸（Met）、Pro、Ala、l -苏氨酸（Thr）和Ser是甜味化合物；谷氨酸（Glu）、谷氨酸（Gln）、l -天冬氨酸（Asn）和l -天冬氨酸（Asp）构成鲜味；苯丙氨酸和l -甘氨酸（Gly）产生花香[Yu and Yang综述][18]。Asn在间作中上调幅度最大（3.30倍）。值得注意的是，对口感贡献最大的氨基酸，如Glu、Asp和Gln，在间作体系中浓度均在10,002 nmol/g以上，为间作体系中生产优质绿茶提供了丰富的原料",Comprehensive analysis of environmental factors on the quality of tea (Camellia sinensis var. sinensis) fresh leaves ;Non-targeted and targeted metabolomics profiling of tea plants (Camellia sinensis) in response to its intercropping with Chinese chestnut,通用;宝洪茶,2
绿茶,包含,天冬氨酸 ,表9 遮荫处理下鲜叶的游离氨基酸组分分析,四川茶区遮荫栽培对绿茶产量及制茶品质的综合影响,通用,1
绿茶,包含,天冬酰胺 ,表9 遮荫处理下鲜叶的游离氨基酸组分分析,四川茶区遮荫栽培对绿茶产量及制茶品质的综合影响,通用,1
绿茶,包含,甜,"表9 遮荫处理下鲜叶的游离氨基酸组分分析;与S相比;遮荫后FS鲜爽味增加了3.05%,而甜味、甜略苦、苦味、苦略甜、甜而回味苦呈下降趋势,分别下降了1.53%、0.24%、0.01%、0.96%、0.32%。;茶氨酸可缓解茶汤的苦涩味,增强甜味,提升茶氨酸含量对良好滋味的形成有重要意义。;遮荫后,FF与F相比,甜味、甜略苦、苦略甜、甜而回味苦有增加趋势,分别增加 0.02%、0.23%、0.99%、1.84%;粘土中种植的葡萄果实具有更强的花香、甜味和水果香味，并且含有更少的己酸乙酯、异戊醇、异丁醇、z- 3-己醇和1-己醇;茶氨酸可缓解茶汤的苦涩味,增强甜味,提升茶氨酸含量对良好滋味的形成有重要意义。;遮荫后,FF与F相比,甜味、甜略苦、苦略甜、甜而回味苦有增加趋势,分别增加 0.02%、0.23%、0.99%、1.84%",四川茶区遮荫栽培对绿茶产量及制茶品质的综合影响;Comprehensive analysis of environmental factors on the quality of tea (Camellia sinensis var. sinensis) fresh leaves ,通用;四川绿茶/三花1592;四川绿茶/福鼎大白茶;宣恩县茶;四川绿茶,12
绿茶,包含,甜而回味苦,"与S相比;遮荫后FS鲜爽味增加了3.05%,而甜味、甜略苦、苦味、苦略甜、甜而回味苦呈下降趋势,分别下降了1.53%、0.24%、0.01%、0.96%、0.36%。;遮荫后,FF与F相比,甜味、甜略苦、苦略甜、甜而回味苦有增加趋势,分别增加 0.02%、0.23%、0.99%、1.87%;表9 遮荫处理下鲜叶的游离氨基酸组分分析",四川茶区遮荫栽培对绿茶产量及制茶品质的综合影响,四川绿茶/三花1596;四川绿茶/福鼎大白茶;通用,5
绿茶,包含,甜略苦,"与S相比;遮荫后FS鲜爽味增加了3.05%,而甜味、甜略苦、苦味、苦略甜、甜而回味苦呈下降趋势,分别下降了1.53%、0.24%、0.01%、0.96%、0.33%。;遮荫后,FF与F相比,甜味、甜略苦、苦略甜、甜而回味苦有增加趋势,分别增加 0.02%、0.23%、0.99%、1.85%;表9 遮荫处理下鲜叶的游离氨基酸组分分析",四川茶区遮荫栽培对绿茶产量及制茶品质的综合影响,四川绿茶/三花1593;四川绿茶/福鼎大白茶;通用,7
绿茶,包含,萜烯醇,萜烯醇含量先升高，在海拔700 ~ 799 m处达到峰值（41.2%），然后随着海拔的升高而降低（表S10和S11）。,Comprehensive analysis of environmental factors on the quality of tea (Camellia sinensis var. sinensis) fresh leaves ,通用,1
绿茶,包含,酮,醛、酮含量随海拔变化变化缓慢，总体随海拔升高而升高,Comprehensive analysis of environmental factors on the quality of tea (Camellia sinensis var. sinensis) fresh leaves ,通用,1
绿茶,包含,外形,"光合辐照度对铁观音茶感官品质的外形、香气、汤色、滋味、叶底均呈现负向影响，是影响
铁观音茶感官审评综合得分的重要因子。;土壤 pH 是影响铁观音秋茶感官品质的关键主导因子，其对秋茶外形和汤色呈负相关，与秋茶香气、滋味、叶底和综合得分，呈正相关;土壤速效磷对铁观音秋茶感官品质呈现出一致的正效应;是春季茶叶外形、汤色和茶叶综合得分的关键因子。;土壤速效钾是影响铁观音成茶感官审评综合得分的关键主导因子，对成茶综合得分影响的累积 VIP 值为 2.69，其对铁观音春、秋茶的滋味、汤色、叶底和茶叶综合评分均呈负相关，与春茶外形、秋茶香气呈正相关",影响铁观音茶树没食子酸含量和产量品质的生态因子及其优化方案研究,铁观音;铁观音秋茶;铁观音秋茶;铁观音春茶;铁观音春茶,5
绿茶,包含,维生素,"N和P主要参与氨基酸、维生素、叶绿素等物质的合成，直接调节茶树生化成分的含量和比例(Chen et al ., 2015；Lin et al, 2013);N和P主要参与氨基酸、维生素、叶绿素等物质的合成，直接调节茶树生化成分的含量和比例(Chen et al ., 2015；Lin et al, 2016)",Comprehensive analysis of environmental factors on the quality of tea (Camellia sinensis var. sinensis) fresh leaves ,通用,2
绿茶,包含,纤维素,"因为空气中较高的湿度不仅能抑制茶叶中纤维素的合成，保持芽叶柔嫩，而且能够增强太阳辐射的漫射
效应，有利于茶多酚、氨基酸等芳香物质的形成( 张玮玮等，2011) 。",近55年来浙江省茶叶高温干旱灾害特征及防御技术研艽,安徽茶,1
绿茶,包含,鲜爽,"遮荫有利于茶树简单儿茶素的积累，‘福鼎大白茶’、‘三花1951’在遮蔽栽培后，苦涩味指数下降 17.99%、12.27%，对于春末绿茶出现“鲜爽”感官品质具有重要贡献;遮荫后,FF与F相比,甜味、甜略苦、苦略甜、甜而回味苦有增加趋势,分别增加 0.02%、0.23%、0.99%、1.84%,而鲜爽味、苦味有下降趋势，分别下降2.69%、0.40%;;与S相比;遮荫后FS鲜爽味增加了3.05%,而甜味、甜略苦、苦味、苦略甜、甜而回味苦呈下降趋势,分别下降了1.53%、0.24%、0.01%、0.96%、0.31%。;遮荫后的滋味表现为鲜爽或较鲜爽,其中FF滋味表现为“鲜爽”,可能是因为遮荫使得游离氨基酸含量上升。;气温低时，氨基酸、蛋白质及一些含氮化合物增 加，形成了茶叶鲜爽的滋味特点。 ;表9 遮荫处理下鲜叶的游离氨基酸组分分析;遮荫后,FF与F相比,甜味、甜略苦、苦略甜、甜而回味苦有增加趋势,分别增加 0.02%、0.23%、0.99%、1.84%,而鲜爽味、苦味有下降趋势，分别下降2.69%、0.38%;",四川茶区遮荫栽培对绿茶产量及制茶品质的综合影响;山东绿茶品质的影响因素分析,四川绿茶/通用;四川绿茶/福鼎大白茶;四川绿茶/三花1591;四川绿茶/福鼎大白茶;山东绿茶/通用;通用,15
绿茶,包含,鲜爽度,遮光后茶叶茶多酚、粗纤维含量减少，叶绿素、咖啡碱、氨基酸含量增加 ，茶叶的持嫩性增加、苦涩味减少、鲜爽度提高颜色要较对照绿，绿茶的品质得到提高;遮荫后，茶叶茶多酚、粗纤维含量减少，相比对照，茶多酚最高减少13.45%，粗纤维最多减少56.4%:叶绿素、咖啡碱、氨基酸含量增加，相比对照，三者的增加最大值分别为40.65%、18.80%和15.101%。故遮荫后茶叶的持嫩性增加、苦涩味减少、鲜爽度提高，颜色较对照绿，绿茶的品质得到提高。,生境管理对亚热带丘陵茶园生态环境与茶叶品质的影响;茶园遮荫栽培与茶叶品质相关性机理的研究,亚热带丘陵茶,2
绿茶,包含,鲜爽甘甜,900kg商品有机肥处理能增加茶芽的发芽密度及百芽重；在成品茶感官品质上表现为香气更为高爽清鲜，味道更为鲜爽甘甜；茶叶的氨基酸含量更高，茶多酚含量更低，氨酚比更适宜，且以EGCG、EGC为代表的儿茶素含量更低。,有机肥部分替代化肥对成龄绿茶产量及品质的影响,成龄茶,1
绿茶,包含,香豆素,"绿茶中主要的芳香活性挥发物有芳樟醇、芳樟醇氧化物、香叶醇、顺式茉莉醇、吲哚、香豆素、二氢actinidiolide、茉莉酸甲酯、6-氯吲哚、5,6-环氧-β-ionone、反式香叶酮、叶绿醇和苯乙醇[36",Recent Advances in Volatiles of Teas,绿茶,1
绿茶,包含,香气,"光合辐照度对铁观音茶感官品质的外形、香气、汤色、滋味、叶底均呈现负向影响，是影响
铁观音茶感官审评综合得分的重要因子。;土壤 pH 是影响铁观音秋茶感官品质的关键主导因子，其对秋茶外形和汤色呈负相关，与秋茶香气、滋味、叶底和综合得分，呈正相关;土壤速效磷对铁观音秋茶感官品质呈现出一致的正效应;土壤速效钾是影响铁观音成茶感官审评综合得分的关键主导因子，对成茶综合得分影响的累积 VIP 值为 2.69，其对铁观音春、秋茶的滋味、汤色、叶底和茶叶综合评分均呈负相关，与春茶外形、秋茶香气呈正相关;与低海拔地区的茶叶相比，高海拔地区茶叶中七醛和雪松醇的含量分别高出48%和60%，这是茶叶香气较高的主要原因（Liu et al ., 2017）;与低海拔地区的茶叶相比，高海拔地区茶叶中七醛和雪松醇的含量分别高出48%和60%，这是茶叶香气较高的主要原因（Liu et al ., 2018）;研究表明，温度是影响茶叶香气的重要因子，适度的低温胁迫处理能
提高鲜叶中芳香物质的种类，改变香气物质的含量。;板栗茶间作对保红绿茶的口感和香气有积极的影响，特别是对80年代种植的板栗茶有积极的影响",影响铁观音茶树没食子酸含量和产量品质的生态因子及其优化方案研究;Comprehensive analysis of environmental factors on the quality of tea (Camellia sinensis var. sinensis) fresh leaves ;山东绿茶品质的影响因素分析;Non-targeted and targeted metabolomics profiling of tea plants (Camellia sinensis) in response to its intercropping with Chinese chestnut,铁观音;铁观音秋茶;通用;山东绿茶/通用;宝洪茶,8
绿茶,包含,香气持久,遮荫后FF香气更为持久。,四川茶区遮荫栽培对绿茶产量及制茶品质的综合影响,四川绿茶/福鼎大白茶,2
绿茶,包含,香叶醇,"绿茶中主要的芳香活性挥发物有芳樟醇、芳樟醇氧化物、香叶醇、顺式茉莉醇、吲哚、香豆素、二氢actinidiolide、茉莉酸甲酯、6-氯吲哚、5,6-环氧-β-ionone、反式香叶酮、叶绿醇和苯乙醇[33；在海拔700 ~ 799 m处，香叶醇和苯乙醇含量较低，但随海拔进一步升高而缓慢升高",Recent Advances in Volatiles of Teas；Comprehensive analysis of environmental factors on the quality of tea (Camellia sinensis var. sinensis) fresh leaves ,绿茶,2
绿茶,包含,缬氨酸 ,表9 遮荫处理下鲜叶的游离氨基酸组分分析,四川茶区遮荫栽培对绿茶产量及制茶品质的综合影响,通用,1
绿茶,包含,雪松醇,"与低海拔地区的茶叶相比，高海拔地区茶叶中七醛和雪松醇的含量分别高出48%和60%，这是茶叶香气较高的主要原因（Liu et al ., 2016）",Comprehensive analysis of environmental factors on the quality of tea (Camellia sinensis var. sinensis) fresh leaves ,通用,1
绿茶,包含,叶底,"光合辐照度对铁观音茶感官品质的外形、香气、汤色、滋味、叶底均呈现负向影响，是影响
铁观音茶感官审评综合得分的重要因子。;土壤 pH 是影响铁观音秋茶感官品质的关键主导因子，其对秋茶外形和汤色呈负相关，与秋茶香气、滋味、叶底和综合得分，呈正相关;土壤速效磷对铁观音秋茶感官品质呈现出一致的正效应;土壤速效钾是影响铁观音成茶感官审评综合得分的关键主导因子，对成茶综合得分影响的累积 VIP 值为 2.69，其对铁观音春、秋茶的滋味、汤色、叶底和茶叶综合评分均呈负相关，与春茶外形、秋茶香气呈正相关;施肥处理对于茶叶的汤色、叶底改变相对较小",影响铁观音茶树没食子酸含量和产量品质的生态因子及其优化方案研究;有机肥部分替代化肥对成龄绿茶产量及品质的影响,铁观音;铁观音秋茶;铁观音春秋茶;成龄茶,5
绿茶,包含,叶黄酮（醇）,茶鲜叶黄酮（醇）苷含量与土壤全磷、全硫含量呈正相关（相关系数分别为0.393、0.416）（P < 0.05,Comprehensive analysis of environmental factors on the quality of tea (Camellia sinensis var. sinensis) fresh leaves ,宣恩县茶,2
绿茶,包含,叶绿醇,"绿茶中主要的芳香活性挥发物有芳樟醇、芳樟醇氧化物、香叶醇、顺式茉莉醇、吲哚、香豆素、二氢actinidiolide、茉莉酸甲酯、6-氯吲哚、5,6-环氧-β-ionone、反式香叶酮、叶绿醇和苯乙醇[42",Recent Advances in Volatiles of Teas,绿茶,1
绿茶,包含,叶绿素,"N和P主要参与氨基酸、维生素、叶绿素等物质的合成，直接调节茶树生化成分的含量和比例(Chen et al ., 2015；Lin et al, 2014);缺氮显著降低了茶叶的N含量、干重、叶绿素含量、l -茶氨酸和N代谢相关酶的活性，提高了总黄酮类化合物和多酚类物质的含量。;茶园温度的3个指标与茶青产量和茶青茶产率呈正相关趋势，与咖啡碱、茶多酚和氨基酸含量呈显著或极显著的正相关，与茶青叶绿素含量呈正相关关系;一些作物遮荫后在较短期内叶绿素含量会增加;N和P主要参与氨基酸、维生素、叶绿素等物质的合成，直接调节茶树生化成分的含量和比例(Chen et al ., 2015；Lin et al, 2017);与对照相比，P+C处理的百芽重（BW）、游离氨基酸（AA）、茶多酚（TPC）和叶绿素（Chl）含量分别比对照提高了29.98%、14.41%、22.49%和28.85%。;园空气湿度的3个指标与茶青产量呈正相关关系，与茶青杂率呈负相关关系，而与茶青品质的咖啡碱、茶多酚2个生化指标呈正相关关系，与氨基酸和叶绿素含量呈负相关关系。;茶杉复合茶园茶叶中氨基酸、叶绿素、咖啡碱和水浸出物的含量均不同程度高于单一茶园，儿茶素和茶多酚总量均低于单一茶园?茶杉复合茶园鲜叶制作的夏秋茶表现为外形色泽翠绿，汤色翠绿明亮，香味栗香持久，叶底黄绿鲜活，整体感官评价明显优于单一茶园;茶树冠面光照强度与茶青产量和茶产率呈正相关趋势，而与茶青品质各生化指标均呈负相关趋势，相关系数均未达显著水平。;遮光后茶叶茶多酚、粗纤维含量减少，叶绿素、咖啡碱、氨基酸含量增加 ，茶叶的持嫩性增加、苦涩味减少、鲜爽度提高颜色要较对照绿，绿茶的品质得到提高;茶园适度遮阴能够提高茶叶中叶绿素的含量，且增加量与遮阴度成正比B。;遮荫后，茶叶茶多酚、粗纤维含量减少，相比对照，茶多酚最高减少13.45%，粗纤维最多减少56.4%:叶绿素、咖啡碱、氨基酸含量增加，相比对照，三者的增加最大值分别为40.65%、18.80%和15.96%。故遮荫后茶叶的持嫩性增加、苦涩味减少、鲜爽度提高，颜色较对照绿，绿茶的品质得到提高。;缺镁会导致茶叶光合能力和叶绿素含量下降;长期遮荫后叶绿素含量会下降;高温对光合作用的影响，一方面是通过降低叶绿素含量致使光合速率下降。叶绿素 a 和叶绿素总量随温度的升高均呈下降趋势","Comprehensive analysis of environmental factors on the quality of tea (Camellia sinensis var. sinensis) fresh leaves ;Molecular and?physiological mechanisms of?tea (Camellia sinensis (L.) O. Kuntze) leaf and?root in?response to?nitrogen defciency;南京地区大棚茶园小气候特征及对茶青产量和品质效应;四川茶区遮荫栽培对绿茶产量及制茶品质的综合影响;Comprehensive analysis of environmental factors on the quality of tea (Camellia sinensis var. sinensis) fresh leaves ;Sustainable regulation of?calcium magnesium phosphate and?rapeseed cake on?soil?tea system in?Mount Lushan, China;生境管理对亚热带丘陵茶园生态环境与茶叶品质的影响;生境管理对亚热带丘陵茶园生态环境与茶叶品质的影响;影响茶树生长和茶叶品质的主要环境因子及其适应机制;茶园遮荫栽培与茶叶品质相关性机理的研究;高温干旱对茶树生长和品质影响机理的研究进展",通用;不明;南京绿茶;四川绿茶;通用;庐山云雾茶;亚热带丘陵茶;亚热带丘陵茶;通用,15
绿茶,包含,乙醇,有效氮、硫、铜和锌水平对乙醇含量也有显著影响,Comprehensive analysis of environmental factors on the quality of tea (Camellia sinensis var. sinensis) fresh leaves ,宣恩县茶,4
绿茶,包含,异亮氨酸 ,表9 遮荫处理下鲜叶的游离氨基酸组分分析,四川茶区遮荫栽培对绿茶产量及制茶品质的综合影响,通用,1
绿茶,包含,吲哚,"绿茶中主要的芳香活性挥发物有芳樟醇、芳樟醇氧化物、香叶醇、顺式茉莉醇、吲哚、香豆素、二氢actinidiolide、茉莉酸甲酯、6-氯吲哚、5,6-环氧-β-ionone、反式香叶酮、叶绿醇和苯乙醇[35",Recent Advances in Volatiles of Teas,绿茶,1
绿茶,包含,硬脂酰肉碱,间作条件下，茉莉内酯、油酸和硬脂酰肉碱等脂质上调,Non-targeted and targeted metabolomics profiling of tea plants (Camellia sinensis) in response to its intercropping with Chinese chestnut,宝洪茶,1
绿茶,包含,油酸,套作中尿囊酸、糖、糖醇和油酸含量高于单作，苦黄酮含量低于单作;间作条件下，茉莉内酯、油酸和硬脂酰肉碱等脂质上调,Non-targeted and targeted metabolomics profiling of tea plants (Camellia sinensis) in response to its intercropping with Chinese chestnut,宝洪茶,2
绿茶,包含,游离脂肪酸,与NL相比，50%NL显著降低了无蚜茶苗叶片SPs（-15.90%）、SSs（-68.95%）和FFAs（-23.58%）含量，70%NL也显著降低了无蚜茶苗叶片SSs含量（-39.24%）(P<0.05；图3A)，而50%NL显著提高了叶片SPs（+40.89%）、SSs（+89.81%）和FAAs含量，蚜虫侵染显著增加（+42.98%）,"Infuence of?reduced N-fertilizer application 
on?foliar chemicals and?functional qualities 
of?tea plants under?Toxoptera?aurantii infestation",龙井茶,1
绿茶,包含,有机硒含量,"结果表明,茶叶无机硒含量、有机硒含量与总硒含量随叶面喷施硒浓度的增加而增加。",叶面喷施硒肥对绿茶硒含量及品质的影响,贵州绿茶都匀毛尖,1
绿茶,包含,蔗糖,与氨基酸代谢相关的代谢物，尤其是谷氨酸、谷氨酰胺、赖氨酸和精氨酸的表达上调，而蔗糖和d -葡萄糖- 6p的表达下调。,The efects of?tea plants-soybean intercropping on?the?secondary metabolites of?tea plants by?metabolomics analysis,南京 “苏茶早” ,1
绿茶,包含,脂肪醇,脂肪醇含量随海拔变化变化不大，但在海拔> 900 m时最低。,Comprehensive analysis of environmental factors on the quality of tea (Camellia sinensis var. sinensis) fresh leaves ,通用,1
绿茶,包含,滋味,"光合辐照度对铁观音茶感官品质的外形、香气、汤色、滋味、叶底均呈现负向影响，是影响
铁观音茶感官审评综合得分的重要因子。;土壤 pH 是影响铁观音秋茶感官品质的关键主导因子，其对秋茶外形和汤色呈负相关，与秋茶香气、滋味、叶底和综合得分，呈正相关;土壤速效磷对铁观音秋茶感官品质呈现出一致的正效应;土壤速效钾是影响铁观音成茶感官审评综合得分的关键主导因子，对成茶综合得分影响的累积 VIP 值为 2.69，其对铁观音春、秋茶的滋味、汤色、叶底和茶叶综合评分均呈负相关，与春茶外形、秋茶香气呈正相关;板栗茶间作对保红绿茶的口感和香气有积极的影响，特别是对80年代种植的板栗茶有积极的影响",影响铁观音茶树没食子酸含量和产量品质的生态因子及其优化方案研究;Non-targeted and targeted metabolomics profiling of tea plants (Camellia sinensis) in response to its intercropping with Chinese chestnut,铁观音;铁观音秋茶;铁观音春秋茶;宝洪茶,5
绿茶,包含,棕榈酸,红壤和黄壤的苯甲酸和棕榈酸含量最高,Comprehensive analysis of environmental factors on the quality of tea (Camellia sinensis var. sinensis) fresh leaves ,通用,2
绿茶,包含,总氨基酸,总氨基酸含量随海拔的升高而升高（表3）。,Comprehensive analysis of environmental factors on the quality of tea (Camellia sinensis var. sinensis) fresh leaves ,宣恩县茶,1
绿茶,包含,总风味化合物,鲜茶叶中氨基酸、茶碱含量和总风味化合物含量与铁含量的相关系数分别为0.382、0.395和0.441。E，显著正相关),Comprehensive analysis of environmental factors on the quality of tea (Camellia sinensis var. sinensis) fresh leaves ,宣恩县茶,1
绿茶,包含,总黄酮类化合物,缺氮显著降低了茶叶的N含量、干重、叶绿素含量、l -茶氨酸和N代谢相关酶的活性，提高了总黄酮类化合物和多酚类物质的含量。,Molecular and?physiological mechanisms of?tea (Camellia sinensis (L.) O. Kuntze) leaf and?root in?response to?nitrogen defciency,不明,1
绿茶,包含,总酒精含量,总酒精含量最初随着海拔的升高而增加，但随后下降。700 ~ 799 m处酒精含量较高。,Comprehensive analysis of environmental factors on the quality of tea (Camellia sinensis var. sinensis) fresh leaves ,通用,1
绿茶,包含,组氨酸,表9 遮荫处理下鲜叶的游离氨基酸组分分析,四川茶区遮荫栽培对绿茶产量及制茶品质的综合影响,通用,1
镁,抑制,酚氨比,阮等（2012）提出在茶叶栽培中补充镁可以有效降低茶叶中总多酚与氨基酸的比值（TP/AA），这与本研究结果一致，BMF处理显著降低了茶叶的TT/AA比值。,Combined application of?biochar and?magnesium fertilizer effectively improved the?soil environment and?the?tea quality in?southern strongly acidic tea garden,福建茶,1
镁,促进,叶绿素,缺镁会导致茶叶光合能力和叶绿素含量下降,Comprehensive analysis of environmental factors on the quality of tea (Camellia sinensis var. sinensis) fresh leaves ,通用,1
木质生物炭,促进,氨基酸,在茶叶品质方面，施用土壤改良剂显著提高了茶中咖啡因含量，BF和BMF处理显著提高了茶多酚、游离氨基酸和水提取物含量。此外，BMF显著降低了多酚与氨基酸的比例。,Combined application of?biochar and?magnesium fertilizer effectively improved the?soil environment and?the?tea quality in?southern strongly acidic tea garden,福建茶,1
木质生物炭,促进,茶多酚,在茶叶品质方面，施用土壤改良剂显著提高了茶中咖啡因含量，BF和BMF处理显著提高了茶多酚、游离氨基酸和水提取物含量。此外，BMF显著降低了多酚与氨基酸的比例。,Combined application of?biochar and?magnesium fertilizer effectively improved the?soil environment and?the?tea quality in?southern strongly acidic tea garden,福建茶,1
木质生物炭,促进,水浸出物,在茶叶品质方面，施用土壤改良剂显著提高了茶中咖啡因含量，BF和BMF处理显著提高了茶多酚、游离氨基酸和水提取物含量。此外，BMF显著降低了多酚与氨基酸的比例。,Combined application of?biochar and?magnesium fertilizer effectively improved the?soil environment and?the?tea quality in?southern strongly acidic tea garden,福建茶,1
木质生物炭+ Mg肥,促进,氨基酸,BMF处理显著提高了茶叶品质，包括茶多酚、氨基酸、咖啡因和水提取物含量，分别比对照提高了16.46%、32.67%、39.22%和22.55%。,Combined application of?biochar and?magnesium fertilizer effectively improved the?soil environment and?the?tea quality in?southern strongly acidic tea garden,福建茶,1
木质生物炭+ Mg肥,促进,茶多酚,BMF处理显著提高了茶叶品质，包括茶多酚、氨基酸、咖啡因和水提取物含量，分别比对照提高了16.46%、32.67%、39.22%和22.54%。,Combined application of?biochar and?magnesium fertilizer effectively improved the?soil environment and?the?tea quality in?southern strongly acidic tea garden,福建茶,1
木质生物炭+ Mg肥,抑制,酚氨比,在茶叶品质方面，施用土壤改良剂显著提高了茶中咖啡因含量，BF和BMF处理显著提高了茶多酚、游离氨基酸和水提取物含量。此外，BMF显著降低了多酚与氨基酸的比例。,Combined application of?biochar and?magnesium fertilizer effectively improved the?soil environment and?the?tea quality in?southern strongly acidic tea garden,福建茶,1
木质生物炭+ Mg肥,促进,咖啡因,BMF处理显著提高了茶叶品质，包括茶多酚、氨基酸、咖啡因和水提取物含量，分别比对照提高了16.46%、32.67%、39.22%和22.56%。,Combined application of?biochar and?magnesium fertilizer effectively improved the?soil environment and?the?tea quality in?southern strongly acidic tea garden,福建茶,1
木质生物炭+ Mg肥,促进,水提取物含量,BMF处理显著提高了茶叶品质，包括茶多酚、氨基酸、咖啡因和水提取物含量，分别比对照提高了16.46%、32.67%、39.22%和22.56%。,Combined application of?biochar and?magnesium fertilizer effectively improved the?soil environment and?the?tea quality in?southern strongly acidic tea garden,福建茶,1
脯氨酸 ,促进,甜略苦,表9 遮荫处理下鲜叶的游离氨基酸组分分析,四川茶区遮荫栽培对绿茶产量及制茶品质的综合影响,通用,1
秋季,促进,氨基酸,9月份总氨基酸和茶氨酸浓度高于6月份,Variations in?the?composition of?tea leaves and?soil microbial  community,韩国济州岛茶,1
秋季,促进,茶氨酸,9月份总氨基酸和茶氨酸浓度高于6月份,Variations in?the?composition of?tea leaves and?soil microbial  community,韩国济州岛茶,1
全氮含量,促进,醇,土壤理化性状中有机质和全氮含量对茶叶鲜叶中醇含量有显著影响（相关系数分别为0.51和0.569）（P < 0.01）,Comprehensive analysis of environmental factors on the quality of tea (Camellia sinensis var. sinensis) fresh leaves ,宣恩县茶,1
适度遮阴,促进,氨基酸,茶园适度遮阴能降低茶树的光合作用，显著提高茶叶中氨基酸含量，增加水浸出物含量 P4251,影响茶树生长和茶叶品质的主要环境因子及其适应机制,通用,1
适度遮阴,促进,水浸出物,茶园适度遮阴能降低茶树的光合作用，显著提高茶叶中氨基酸含量，增加水浸出物含量 P4252,影响茶树生长和茶叶品质的主要环境因子及其适应机制,通用,1
水稻土,抑制,氨基酸,水稻土产茶鲜叶氨基酸含量显著低于红壤和黄壤，儿茶素和黄酮醇苷含量显著高于其他土壤（P < 0.05）。,Comprehensive analysis of environmental factors on the quality of tea (Camellia sinensis var. sinensis) fresh leaves ,宣恩县茶,1
水稻土,促进,儿茶素,水稻土产茶鲜叶氨基酸含量显著低于红壤和黄壤，儿茶素和黄酮醇苷含量显著高于其他土壤（P < 0.06）。,Comprehensive analysis of environmental factors on the quality of tea (Camellia sinensis var. sinensis) fresh leaves ,宣恩县茶,1
水稻土,促进,黄酮醇苷,水稻土产茶鲜叶氨基酸含量显著低于红壤和黄壤，儿茶素和黄酮醇苷含量显著高于其他土壤（P < 0.07）。,Comprehensive analysis of environmental factors on the quality of tea (Camellia sinensis var. sinensis) fresh leaves ,宣恩县茶,1
丝氨酸 ,促进,甜,表9 遮荫处理下鲜叶的游离氨基酸组分分析,四川茶区遮荫栽培对绿茶产量及制茶品质的综合影响,通用,1
苏氨酸 ,促进,甜,表9 遮荫处理下鲜叶的游离氨基酸组分分析,四川茶区遮荫栽培对绿茶产量及制茶品质的综合影响,通用,1
天冬氨酸 ,促进,鲜爽,表9 遮荫处理下鲜叶的游离氨基酸组分分析,四川茶区遮荫栽培对绿茶产量及制茶品质的综合影响,通用,1
天冬酰胺 ,促进,鲜爽,表9 遮荫处理下鲜叶的游离氨基酸组分分析,四川茶区遮荫栽培对绿茶产量及制茶品质的综合影响,通用,1
土壤 pH,抑制,汤色,土壤 pH 是影响铁观音秋茶感官品质的关键主导因子，其对秋茶外形和汤色呈负相关，与秋茶香气、滋味、叶底和综合得分，呈正相关,影响铁观音茶树没食子酸含量和产量品质的生态因子及其优化方案研究,铁观音秋茶,1
土壤 pH,抑制,外形,土壤 pH 是影响铁观音秋茶感官品质的关键主导因子，其对秋茶外形和汤色呈负相关，与秋茶香气、滋味、叶底和综合得分，呈正相关,影响铁观音茶树没食子酸含量和产量品质的生态因子及其优化方案研究,铁观音秋茶,1
土壤 pH,促进,香气,土壤 pH 是影响铁观音秋茶感官品质的关键主导因子，其对秋茶外形和汤色呈负相关，与秋茶香气、滋味、叶底和综合得分，呈正相关,影响铁观音茶树没食子酸含量和产量品质的生态因子及其优化方案研究,铁观音秋茶,1
土壤 pH,促进,叶底,土壤 pH 是影响铁观音秋茶感官品质的关键主导因子，其对秋茶外形和汤色呈负相关，与秋茶香气、滋味、叶底和综合得分，呈正相关,影响铁观音茶树没食子酸含量和产量品质的生态因子及其优化方案研究,铁观音秋茶,1
土壤 pH,促进,滋味,土壤 pH 是影响铁观音秋茶感官品质的关键主导因子，其对秋茶外形和汤色呈负相关，与秋茶香气、滋味、叶底和综合得分，呈正相关,影响铁观音茶树没食子酸含量和产量品质的生态因子及其优化方案研究,铁观音秋茶,1
土壤pH,先增后降,NH+ 4 -N,土壤pH与NH+ 4 -N、游离氨基酸、土壤pH与咖啡因呈倒u型关系。,A Quadratic Regression Model to Quantify Plantation Soil Factors That Affect Tea Quality,信阳毛尖茶,1
土壤pH,先增后降,氨基酸,土壤pH与NH+ 5 -N、游离氨基酸、土壤pH与咖啡因呈倒u型关系。,A Quadratic Regression Model to Quantify Plantation Soil Factors That Affect Tea Quality,信阳毛尖茶,1
土壤pH,先降后增,茶多酚,土壤pH适宜茶树种植。土壤pH与茶多酚、儿茶素呈u型关系,A Quadratic Regression Model to Quantify Plantation Soil Factors That Affect Tea Quality,信阳毛尖茶,1
土壤pH,先降后增,儿茶素,土壤pH适宜茶树种植。土壤pH与茶多酚、儿茶素呈u型关系,A Quadratic Regression Model to Quantify Plantation Soil Factors That Affect Tea Quality,信阳毛尖茶,1
土壤pH,先增后降,咖啡因,土壤pH与NH+ 6 -N、游离氨基酸、土壤pH与咖啡因呈倒u型关系。,A Quadratic Regression Model to Quantify Plantation Soil Factors That Affect Tea Quality,信阳毛尖茶,1
土壤氮,促进,氨基酸,"N和P主要参与氨基酸、维生素、叶绿素等物质的合成，直接调节茶树生化成分的含量和比例(Chen et al ., 2015；Lin et al, 2012)",Comprehensive analysis of environmental factors on the quality of tea (Camellia sinensis var. sinensis) fresh leaves ,通用,1
土壤氮,促进,不饱和脂肪酸,不饱和脂肪酸是促成茶叶香气的挥发物的关键前体，随着氮肥用量的增加而增加[46],Recent Advances in Volatiles of Teas,通用,1
土壤氮,促进,茶氨酸,缺氮显著降低了茶叶的N含量、干重、叶绿素含量、l -茶氨酸和N代谢相关酶的活性，提高了总黄酮类化合物和多酚类物质的含量。,Molecular and?physiological mechanisms of?tea (Camellia sinensis (L.) O. Kuntze) leaf and?root in?response to?nitrogen defciency,不明,1
土壤氮,抑制,多酚类物,缺氮显著降低了茶叶的N含量、干重、叶绿素含量、l -茶氨酸和N代谢相关酶的活性，提高了总黄酮类化合物和多酚类物质的含量。,Molecular and?physiological mechanisms of?tea (Camellia sinensis (L.) O. Kuntze) leaf and?root in?response to?nitrogen defciency,不明,1
土壤氮,促进,维生素,"N和P主要参与氨基酸、维生素、叶绿素等物质的合成，直接调节茶树生化成分的含量和比例(Chen et al ., 2015；Lin et al, 2013)",Comprehensive analysis of environmental factors on the quality of tea (Camellia sinensis var. sinensis) fresh leaves ,通用,1
土壤氮,促进,叶绿素,"N和P主要参与氨基酸、维生素、叶绿素等物质的合成，直接调节茶树生化成分的含量和比例(Chen et al ., 2015；Lin et al, 2014);缺氮显著降低了茶叶的N含量、干重、叶绿素含量、l -茶氨酸和N代谢相关酶的活性，提高了总黄酮类化合物和多酚类物质的含量。",Comprehensive analysis of environmental factors on the quality of tea (Camellia sinensis var. sinensis) fresh leaves ;Molecular and?physiological mechanisms of?tea (Camellia sinensis (L.) O. Kuntze) leaf and?root in?response to?nitrogen defciency,通用;不明,2
土壤氮,抑制,总黄酮类化合物,缺氮显著降低了茶叶的N含量、干重、叶绿素含量、l -茶氨酸和N代谢相关酶的活性，提高了总黄酮类化合物和多酚类物质的含量。,Molecular and?physiological mechanisms of?tea (Camellia sinensis (L.) O. Kuntze) leaf and?root in?response to?nitrogen defciency,不明,1
土壤改良剂,促进,咖啡因,在茶叶品质方面，施用土壤改良剂显著提高了茶中咖啡因含量，BF和BMF处理显著提高了茶多酚、游离氨基酸和水提取物含量。此外，BMF显著降低了多酚与氨基酸的比例。,Combined application of?biochar and?magnesium fertilizer effectively improved the?soil environment and?the?tea quality in?southern strongly acidic tea garden,福建茶,1
土壤硫含量 ,抑制,挥发性苷,鲜茶叶中挥发性苷含量与Mo、S含量呈负相关（相关系数分别为?0.420和?0.484）,Comprehensive analysis of environmental factors on the quality of tea (Camellia sinensis var. sinensis) fresh leaves ,宣恩县茶,1
土壤钼含量 ,抑制,挥发性苷,鲜茶叶中挥发性苷含量与Mo、S含量呈负相关（相关系数分别为?0.420和?0.484）,Comprehensive analysis of environmental factors on the quality of tea (Camellia sinensis var. sinensis) fresh leaves ,宣恩县茶,1
土壤全磷含量,促进,酚酸,鲜茶叶中酚酸含量与全磷含量也呈极显著正相关,Comprehensive analysis of environmental factors on the quality of tea (Camellia sinensis var. sinensis) fresh leaves ,宣恩县茶,1
土壤全磷含量,促进,叶黄酮（醇）,茶鲜叶黄酮（醇）苷含量与土壤全磷、全硫含量呈正相关（相关系数分别为0.393、0.416）（P < 0.05,Comprehensive analysis of environmental factors on the quality of tea (Camellia sinensis var. sinensis) fresh leaves ,宣恩县茶,1
土壤全硫含量,促进,叶黄酮（醇）,茶鲜叶黄酮（醇）苷含量与土壤全磷、全硫含量呈正相关（相关系数分别为0.393、0.416）（P < 0.05,Comprehensive analysis of environmental factors on the quality of tea (Camellia sinensis var. sinensis) fresh leaves ,宣恩县茶,1
土壤速效钾,抑制,汤色,土壤速效钾是影响铁观音成茶感官审评综合得分的关键主导因子，对成茶综合得分影响的累积 VIP 值为 2.69，其对铁观音春、秋茶的滋味、汤色、叶底和茶叶综合评分均呈负相关，与春茶外形、秋茶香气呈正相关,影响铁观音茶树没食子酸含量和产量品质的生态因子及其优化方案研究,铁观音春秋茶,1
土壤速效钾,促进,外形,土壤速效钾是影响铁观音成茶感官审评综合得分的关键主导因子，对成茶综合得分影响的累积 VIP 值为 2.69，其对铁观音春、秋茶的滋味、汤色、叶底和茶叶综合评分均呈负相关，与春茶外形、秋茶香气呈正相关,影响铁观音茶树没食子酸含量和产量品质的生态因子及其优化方案研究,铁观音春茶,1
土壤速效钾,促进,香气,土壤速效钾是影响铁观音成茶感官审评综合得分的关键主导因子，对成茶综合得分影响的累积 VIP 值为 2.69，其对铁观音春、秋茶的滋味、汤色、叶底和茶叶综合评分均呈负相关，与春茶外形、秋茶香气呈正相关,影响铁观音茶树没食子酸含量和产量品质的生态因子及其优化方案研究,铁观音秋茶,1
土壤速效钾,抑制,叶底,土壤速效钾是影响铁观音成茶感官审评综合得分的关键主导因子，对成茶综合得分影响的累积 VIP 值为 2.69，其对铁观音春、秋茶的滋味、汤色、叶底和茶叶综合评分均呈负相关，与春茶外形、秋茶香气呈正相关,影响铁观音茶树没食子酸含量和产量品质的生态因子及其优化方案研究,铁观音春秋茶,1
土壤速效钾,抑制,滋味,土壤速效钾是影响铁观音成茶感官审评综合得分的关键主导因子，对成茶综合得分影响的累积 VIP 值为 2.69，其对铁观音春、秋茶的滋味、汤色、叶底和茶叶综合评分均呈负相关，与春茶外形、秋茶香气呈正相关,影响铁观音茶树没食子酸含量和产量品质的生态因子及其优化方案研究,铁观音春秋茶,1
土壤速效磷,促进,汤色,土壤速效磷对铁观音秋茶感官品质呈现出一致的正效应;是春季茶叶外形、汤色和茶叶综合得分的关键因子。,影响铁观音茶树没食子酸含量和产量品质的生态因子及其优化方案研究,铁观音秋茶;铁观音春茶,2
土壤速效磷,促进,外形,土壤速效磷对铁观音秋茶感官品质呈现出一致的正效应;是春季茶叶外形、汤色和茶叶综合得分的关键因子。,影响铁观音茶树没食子酸含量和产量品质的生态因子及其优化方案研究,铁观音秋茶;铁观音春茶,2
土壤速效磷,促进,香气,土壤速效磷对铁观音秋茶感官品质呈现出一致的正效应,影响铁观音茶树没食子酸含量和产量品质的生态因子及其优化方案研究,铁观音秋茶,1
土壤速效磷,促进,叶底,土壤速效磷对铁观音秋茶感官品质呈现出一致的正效应,影响铁观音茶树没食子酸含量和产量品质的生态因子及其优化方案研究,铁观音秋茶,1
土壤速效磷,促进,滋味,土壤速效磷对铁观音秋茶感官品质呈现出一致的正效应,影响铁观音茶树没食子酸含量和产量品质的生态因子及其优化方案研究,铁观音秋茶,1
土壤铁含量,促进,氨基酸,鲜茶叶中氨基酸、茶碱含量和总风味化合物含量与铁含量的相关系数分别为0.382、0.395和0.441。E，显著正相关),Comprehensive analysis of environmental factors on the quality of tea (Camellia sinensis var. sinensis) fresh leaves ,宣恩县茶,1
土壤铁含量,促进,茶碱含量,鲜茶叶中氨基酸、茶碱含量和总风味化合物含量与铁含量的相关系数分别为0.382、0.395和0.441。E，显著正相关),Comprehensive analysis of environmental factors on the quality of tea (Camellia sinensis var. sinensis) fresh leaves ,宣恩县茶,1
土壤铁含量,促进,总风味化合物,鲜茶叶中氨基酸、茶碱含量和总风味化合物含量与铁含量的相关系数分别为0.382、0.395和0.441。E，显著正相关),Comprehensive analysis of environmental factors on the quality of tea (Camellia sinensis var. sinensis) fresh leaves ,宣恩县茶,1
土壤真菌多样性,抑制,氨酚比,茶叶品质指标与真菌群落香农多样性呈较强的负相关。这些品质指标与真菌群落种数呈相对中度的负相关,Variations in?the?composition of?tea leaves and?soil microbial  community,韩国济州岛茶,1
土壤真菌多样性,抑制,氨基酸,儿茶素与真菌多样性呈正相关，而总氨基酸和茶氨酸与真菌多样性呈负相关,Variations in?the?composition of?tea leaves and?soil microbial  community,韩国济州岛茶,1
土壤真菌多样性,抑制,茶氨酸,儿茶素与真菌多样性呈正相关，而总氨基酸和茶氨酸与真菌多样性呈负相关,Variations in?the?composition of?tea leaves and?soil microbial  community,韩国济州岛茶,1
土壤真菌多样性,促进,儿茶素,儿茶素与真菌多样性呈正相关，而总氨基酸和茶氨酸与真菌多样性呈负相关,Variations in?the?composition of?tea leaves and?soil microbial  community,韩国济州岛茶,1
温度,促进,氨基酸,茶园温度的3个指标与茶青产量和茶青茶产率呈正相关趋势，与咖啡碱、茶多酚和氨基酸含量呈显著或极显著的正相关，与茶青叶绿素含量呈正相关关系,南京地区大棚茶园小气候特征及对茶青产量和品质效应,南京绿茶,1
温度,抑制,氨基酸,气温低时，氨基酸、蛋白质及一些含氮化合物增 加，形成了茶叶鲜爽的滋味特点。 ,山东绿茶品质的影响因素分析,山东绿茶/通用,1
温度,促进,茶多酚,茶园温度的3个指标与茶青产量和茶青茶产率呈正相关趋势，与咖啡碱、茶多酚和氨基酸含量呈显著或极显著的正相关，与茶青叶绿素含量呈正相关关系,南京地区大棚茶园小气候特征及对茶青产量和品质效应,南京绿茶,1
温度,抑制,蛋白质,气温低时，氨基酸、蛋白质及一些含氮化合物增 加，形成了茶叶鲜爽的滋味特点。 ,山东绿茶品质的影响因素分析,山东绿茶/通用,1
温度,促进,多酚类物质,"适当的提高温度有利于茶树体内的碳代谢及糖类物质生成，糖类物质向多酚类物质的转化也加
快。 ",山东绿茶品质的影响因素分析,山东绿茶/通用,1
温度,抑制,芳香物质,"研究表明，温度是影响茶叶香气的重要因子，适度的低温胁迫处理能
提高鲜叶中芳香物质的种类，改变香气物质的含量。",山东绿茶品质的影响因素分析,山东绿茶/通用,1
温度,抑制,含氮化合物,气温低时，氨基酸、蛋白质及一些含氮化合物增 加，形成了茶叶鲜爽的滋味特点。 ,山东绿茶品质的影响因素分析,山东绿茶/通用,1
温度,促进,咖啡碱,茶园温度的3个指标与茶青产量和茶青茶产率呈正相关趋势，与咖啡碱、茶多酚和氨基酸含量呈显著或极显著的正相关，与茶青叶绿素含量呈正相关关系,南京地区大棚茶园小气候特征及对茶青产量和品质效应,南京绿茶,1
温度,促进,糖类物质,"适当的提高温度有利于茶树体内的碳代谢及糖类物质生成，糖类物质向多酚类物质的转化也加
快。 ",山东绿茶品质的影响因素分析,山东绿茶/通用,1
温度,抑制,香气,"研究表明，温度是影响茶叶香气的重要因子，适度的低温胁迫处理能
提高鲜叶中芳香物质的种类，改变香气物质的含量。",山东绿茶品质的影响因素分析,山东绿茶/通用,1
温度,促进,叶绿素,茶园温度的3个指标与茶青产量和茶青茶产率呈正相关趋势，与咖啡碱、茶多酚和氨基酸含量呈显著或极显著的正相关，与茶青叶绿素含量呈正相关关系,南京地区大棚茶园小气候特征及对茶青产量和品质效应,南京绿茶,1
温度较低,促进,氨基酸,"温度较低，茶芽生长缓慢,有利于茶叶中氨基酸含量的提高,但温度过低，不利于茶多酚等芳香物质的形成。",近55年来浙江省茶叶高温干旱灾害特征及防御技术研艽,安徽茶,1
夏季,促进,儿茶素,6月份儿茶素浓度高于9月份（p<0.05）,Variations in?the?composition of?tea leaves and?soil microbial  community,韩国济州岛茶,1
夏季遮光,显著促进,氨基酸,夏季遮光能明显提高氨基酸含量,高温时期遮荫处理对茶树生长的影响,亚热带丘陵红壤茶园,1
夏季遮光,抑制,酚氨比,主要表现为茶新梢茶多酚含量降低，氨基酸含量、水浸出物含量升高，同时也降低了茶树新梢的酚氨比，提高了茶叶品质。,高温时期遮荫处理对茶树生长的影响,亚热带丘陵红壤茶园,1
夏季遮光,无影响,咖啡碱含量,各处理间水浸出物含量、咖啡碱含量不存在明显差异。,高温时期遮荫处理对茶树生长的影响,亚热带丘陵红壤茶园,1
夏季遮光,无影响,水浸出物,各处理间水浸出物含量、咖啡碱含量不存在明显差异。,高温时期遮荫处理对茶树生长的影响,亚热带丘陵红壤茶园,1
缬氨酸 ,促进,甜略苦,表9 遮荫处理下鲜叶的游离氨基酸组分分析,四川茶区遮荫栽培对绿茶产量及制茶品质的综合影响,通用,1
叶面喷施0.02ｇ／Ｌ硒肥,促进,氨基酸,"叶面喷施 0.02 g/I处理茶叶各化学品质指标含量最高,化",叶面喷施硒肥对绿茶硒含量及品质的影响,贵州绿茶都匀毛尖,1
叶面喷施0.02ｇ／Ｌ硒肥,促进,茶多酚,"叶面喷施 0.02 g/I处理茶叶各化学品质指标含量最高,化",叶面喷施硒肥对绿茶硒含量及品质的影响,贵州绿茶都匀毛尖,1
叶面喷施0.02ｇ／Ｌ硒肥,促进,咖啡碱,"叶面喷施 0.02 g/I处理茶叶各化学品质指标含量最高,化",叶面喷施硒肥对绿茶硒含量及品质的影响,贵州绿茶都匀毛尖,1
叶面喷施0.02ｇ／Ｌ硒肥,促进,水浸出物,"叶面喷施 0.02 g/I处理茶叶各化学品质指标含量最高,化",叶面喷施硒肥对绿茶硒含量及品质的影响,贵州绿茶都匀毛尖,1
叶面喷施硒肥,先增后降,氨基酸,"结果表明,茶叶无机硒含量、有机硒含量与总硒含量随叶面喷施硒浓度的增加而增加。",叶面喷施硒肥对绿茶硒含量及品质的影响,贵州绿茶都匀毛尖,1
叶面喷施硒肥,先增后降,茶多酚,"结果表明,茶叶无机硒含量、有机硒含量与总硒含量随叶面喷施硒浓度的增加而增加。",叶面喷施硒肥对绿茶硒含量及品质的影响,贵州绿茶都匀毛尖,1
叶面喷施硒肥,促进,茶叶无机硒含量,"结果表明,茶叶无机硒含量、有机硒含量与总硒含量随叶面喷施硒浓度的增加而增加。",叶面喷施硒肥对绿茶硒含量及品质的影响,贵州绿茶都匀毛尖,1
叶面喷施硒肥,先增后降,咖啡碱,"结果表明,茶叶无机硒含量、有机硒含量与总硒含量随叶面喷施硒浓度的增加而增加。",叶面喷施硒肥对绿茶硒含量及品质的影响,贵州绿茶都匀毛尖,1
叶面喷施硒肥,先增后降,水浸出物,"结果表明,茶叶无机硒含量、有机硒含量与总硒含量随叶面喷施硒浓度的增加而增加。",叶面喷施硒肥对绿茶硒含量及品质的影响,贵州绿茶都匀毛尖,1
叶面喷施硒肥,促进,有机硒含量,"结果表明,茶叶无机硒含量、有机硒含量与总硒含量随叶面喷施硒浓度的增加而增加。",叶面喷施硒肥对绿茶硒含量及品质的影响,贵州绿茶都匀毛尖,1
异亮氨酸 ,促进,苦,表9 遮荫处理下鲜叶的游离氨基酸组分分析,四川茶区遮荫栽培对绿茶产量及制茶品质的综合影响,通用,1
有机肥,促进,氨基酸,"研究发现增施有机肥较习惯施肥提高了茶叶中水浸出物、游离氨基酸、茶多酚的含量，并降低了咖啡碱
含量和酚氨比",有机肥+茶树专用肥”高效施用技术模式,浙江绿茶,1
有机肥,促进,茶多酚,"研究发现增施有机肥较习惯施肥提高了茶叶中水浸出物、游离氨基酸、茶多酚的含量，并降低了咖啡碱
含量和酚氨比",有机肥+茶树专用肥”高效施用技术模式,浙江绿茶,1
有机肥,抑制,酚氨比,"研究发现增施有机肥较习惯施肥提高了茶叶中水浸出物、游离氨基酸、茶多酚的含量，并降低了咖啡碱
含量和酚氨比",有机肥+茶树专用肥”高效施用技术模式,浙江绿茶,1
有机肥,无影响,咖啡碱,900kg商品有机肥处理能增加茶芽的发芽密度及百芽重；在成品茶感官品质上表现为香气更为高爽清鲜，味道更为鲜爽甘甜；茶叶的氨基酸含量更高，茶多酚含量更低，氨酚比更适宜，且以EGCG、EGC为代表的儿茶素含量更低。,有机肥部分替代化肥对成龄绿茶产量及品质的影响,成龄茶,1
有机肥,抑制,咖啡碱,"研究发现增施有机肥较习惯施肥提高了茶叶中水浸出物、游离氨基酸、茶多酚的含量，并降低了咖啡碱
含量和酚氨比",有机肥+茶树专用肥”高效施用技术模式,浙江绿茶,1
有机肥,促进,水浸出物,"研究发现增施有机肥较习惯施肥提高了茶叶中水浸出物、游离氨基酸、茶多酚的含量，并降低了咖啡碱
含量和酚氨比",有机肥+茶树专用肥”高效施用技术模式,浙江绿茶,1
有机肥,无影响,水浸出物,900kg商品有机肥处理能增加茶芽的发芽密度及百芽重；在成品茶感官品质上表现为香气更为高爽清鲜，味道更为鲜爽甘甜；茶叶的氨基酸含量更高，茶多酚含量更低，氨酚比更适宜，且以EGCG、EGC为代表的儿茶素含量更低。,有机肥部分替代化肥对成龄绿茶产量及品质的影响,成龄茶,1
有机肥,无影响,汤色,施肥处理对于茶叶的汤色、叶底改变相对较小,有机肥部分替代化肥对成龄绿茶产量及品质的影响,成龄茶,1
有机肥,无影响,叶底,施肥处理对于茶叶的汤色、叶底改变相对较小,有机肥部分替代化肥对成龄绿茶产量及品质的影响,成龄茶,1
有机肥-化肥配施20%~50%,促进,氨基酸,"2017 年全年茶青产量提高了 13.28%和2.5%，茶叶中的水浸出物、氨基酸和茶多酚的含量均有所提高，酚氨比降低，
提高了绿茶的品质。",减施化肥和配施有机肥对茶园土壤养分及茶叶产量和品质的影响,浙江绿茶,1
有机肥-化肥配施20%~50%,促进,茶多酚,"2017 年全年茶青产量提高了 13.28%和2.5%，茶叶中的水浸出物、氨基酸和茶多酚的含量均有所提高，酚氨比降低，
提高了绿茶的品质。",减施化肥和配施有机肥对茶园土壤养分及茶叶产量和品质的影响,浙江绿茶,1
有机肥-化肥配施20%~50%,抑制,酚氨比,"2017 年全年茶青产量提高了 13.28%和2.5%，茶叶中的水浸出物、氨基酸和茶多酚的含量均有所提高，酚氨比降低，
提高了绿茶的品质。",减施化肥和配施有机肥对茶园土壤养分及茶叶产量和品质的影响,浙江绿茶,1
有机肥-化肥配施20%~50%,促进,水浸出物,"2017 年全年茶青产量提高了 13.28%和2.5%，茶叶中的水浸出物、氨基酸和茶多酚的含量均有所提高，酚氨比降低，
提高了绿茶的品质。",减施化肥和配施有机肥对茶园土壤养分及茶叶产量和品质的影响,浙江绿茶,1
有机质,促进,醇,土壤理化性状中有机质和全氮含量对茶叶鲜叶中醇含量有显著影响（相关系数分别为0.51和0.569）（P < 0.01）,Comprehensive analysis of environmental factors on the quality of tea (Camellia sinensis var. sinensis) fresh leaves ,宣恩县茶,1
有效氮,促进,乙醇,有效氮、硫、铜和锌水平对乙醇含量也有显著影响,Comprehensive analysis of environmental factors on the quality of tea (Camellia sinensis var. sinensis) fresh leaves ,宣恩县茶,1
有效硫,促进,乙醇,有效氮、硫、铜和锌水平对乙醇含量也有显著影响,Comprehensive analysis of environmental factors on the quality of tea (Camellia sinensis var. sinensis) fresh leaves ,宣恩县茶,1
有效铜,促进,乙醇,有效氮、硫、铜和锌水平对乙醇含量也有显著影响,Comprehensive analysis of environmental factors on the quality of tea (Camellia sinensis var. sinensis) fresh leaves ,宣恩县茶,1
有效锌,促进,乙醇,有效氮、硫、铜和锌水平对乙醇含量也有显著影响,Comprehensive analysis of environmental factors on the quality of tea (Camellia sinensis var. sinensis) fresh leaves ,宣恩县茶,1
增施900kg商品有机肥,抑制,氨酚比,900kg商品有机肥处理能增加茶芽的发芽密度及百芽重；在成品茶感官品质上表现为香气更为高爽清鲜，味道更为鲜爽甘甜；茶叶的氨基酸含量更高，茶多酚含量更低，氨酚比更适宜，且以EGCG、EGC为代表的儿茶素含量更低。,有机肥部分替代化肥对成龄绿茶产量及品质的影响,成龄茶,1
增施900kg商品有机肥,促进,氨基酸,900kg商品有机肥处理能增加茶芽的发芽密度及百芽重；在成品茶感官品质上表现为香气更为高爽清鲜，味道更为鲜爽甘甜；茶叶的氨基酸含量更高，茶多酚含量更低，氨酚比更适宜，且以EGCG、EGC为代表的儿茶素含量更低。,有机肥部分替代化肥对成龄绿茶产量及品质的影响,成龄茶,1
增施900kg商品有机肥,抑制,茶多酚,900kg商品有机肥处理能增加茶芽的发芽密度及百芽重；在成品茶感官品质上表现为香气更为高爽清鲜，味道更为鲜爽甘甜；茶叶的氨基酸含量更高，茶多酚含量更低，氨酚比更适宜，且以EGCG、EGC为代表的儿茶素含量更低。,有机肥部分替代化肥对成龄绿茶产量及品质的影响,成龄茶,1
增施900kg商品有机肥,抑制,儿茶素,900kg商品有机肥处理能增加茶芽的发芽密度及百芽重；在成品茶感官品质上表现为香气更为高爽清鲜，味道更为鲜爽甘甜；茶叶的氨基酸含量更高，茶多酚含量更低，氨酚比更适宜，且以EGCG、EGC为代表的儿茶素含量更低。,有机肥部分替代化肥对成龄绿茶产量及品质的影响,成龄茶,1
增施900kg商品有机肥,促进,高爽,增施有机肥的茶叶感官品质上表现为香气更为清鲜，味道更高爽,有机肥部分替代化肥对成龄绿茶产量及品质的影响,成龄茶,1
增施900kg商品有机肥,促进,清鲜,900kg商品有机肥处理能增加茶芽的发芽密度及百芽重；在成品茶感官品质上表现为香气更为高爽清鲜，味道更为鲜爽甘甜；茶叶的氨基酸含量更高，茶多酚含量更低，氨酚比更适宜，且以EGCG、EGC为代表的儿茶素含量更低。,有机肥部分替代化肥对成龄绿茶产量及品质的影响,成龄茶,1
增施900kg商品有机肥,促进,鲜爽甘甜,900kg商品有机肥处理能增加茶芽的发芽密度及百芽重；在成品茶感官品质上表现为香气更为高爽清鲜，味道更为鲜爽甘甜；茶叶的氨基酸含量更高，茶多酚含量更低，氨酚比更适宜，且以EGCG、EGC为代表的儿茶素含量更低。,有机肥部分替代化肥对成龄绿茶产量及品质的影响,成龄茶,1
粘土,促进,花香,粘土中种植的葡萄果实具有更强的花香、甜味和水果香味，并且含有更少的己酸乙酯、异戊醇、异丁醇、z- 3-己醇和1-己醇,Comprehensive analysis of environmental factors on the quality of tea (Camellia sinensis var. sinensis) fresh leaves ,宣恩县茶,1
粘土,促进,水果味,粘土中种植的葡萄果实具有更强的花香、甜味和水果香味，并且含有更少的己酸乙酯、异戊醇、异丁醇、z- 3-己醇和1-己醇,Comprehensive analysis of environmental factors on the quality of tea (Camellia sinensis var. sinensis) fresh leaves ,宣恩县茶,1
粘土,促进,甜,粘土中种植的葡萄果实具有更强的花香、甜味和水果香味，并且含有更少的己酸乙酯、异戊醇、异丁醇、z- 3-己醇和1-己醇,Comprehensive analysis of environmental factors on the quality of tea (Camellia sinensis var. sinensis) fresh leaves ,宣恩县茶,1
长期遮阴,抑制,叶绿素,长期遮荫后叶绿素含量会下降,四川茶区遮荫栽培对绿茶产量及制茶品质的综合影响,四川绿茶,1
遮阴,促进,氨基酸,"遮荫有利于茶树游离氨基酸积累，遮荫栽培‘福鼎大白茶’游离氨基酸含量极显著高于不遮荫;遮荫后,2个品种鲜叶试样的水浸出物、儿茶素、咖啡碱、氨基酸含量显著增加,;除茶氨酸外,氨基酸组分变化总体呈增长趋势,按;遮光后茶叶茶多酚、粗纤维含量减少，叶绿素、咖啡碱、氨基酸含量增加 ，茶叶的持嫩性增加、苦涩味减少、鲜爽度提高颜色要较对照绿，绿茶的品质得到提高;遮荫后，茶叶茶多酚、粗纤维含量减少，相比对照，茶多酚最高减少13.45%，粗纤维最多减少56.4%:叶绿素、咖啡碱、氨基酸含量增加，相比对照，三者的增加最大值分别为40.65%、18.80%和15.98%。故遮荫后茶叶的持嫩性增加、苦涩味减少、鲜爽度提高，颜色较对照绿，绿茶的品质得到提高。;肖润林等四研究表明,随遮荫程度的提高，茶叶中氨基酸、水浸出物显著提高。",四川茶区遮荫栽培对绿茶产量及制茶品质的综合影响;生境管理对亚热带丘陵茶园生态环境与茶叶品质的影响;茶园遮荫栽培与茶叶品质相关性机理的研究;南京地区大棚茶园小气候特征及对茶青产量和品质效应,四川绿茶/通用;四川绿茶/福鼎大白茶/三花;四川绿茶;亚热带丘陵茶;南京绿茶,6
遮阴,促进,茶氨酸,"遮荫处理后,茶氨酸增量显著;茶园遮阴使辐射到茶树冠层的蓝紫光增加，有利于茶叶中茶氨酸和谷氨[26,27]酸等的合成，使茶的滋味更为醇厚",四川茶区遮荫栽培对绿茶产量及制茶品质的综合影响;影响茶树生长和茶叶品质的主要环境因子及其适应机制,四川绿茶;通用,2
遮阴,抑制,茶多酚,遮光后茶叶茶多酚、粗纤维含量减少，叶绿素、咖啡碱、氨基酸含量增加 ，茶叶的持嫩性增加、苦涩味减少、鲜爽度提高颜色要较对照绿，绿茶的品质得到提高;周正科研究表明，在一定范围内茶多酚含量随遮光率的增加而逐渐减少;遮荫后，茶叶茶多酚、粗纤维含量减少，相比对照，茶多酚最高减少13.45%，粗纤维最多减少56.4%:叶绿素、咖啡碱、氨基酸含量增加，相比对照，三者的增加最大值分别为40.65%、18.80%和15.94%。故遮荫后茶叶的持嫩性增加、苦涩味减少、鲜爽度提高，颜色较对照绿，绿茶的品质得到提高。,生境管理对亚热带丘陵茶园生态环境与茶叶品质的影响;影响茶树生长和茶叶品质的主要环境因子及其适应机制;茶园遮荫栽培与茶叶品质相关性机理的研究,亚热带丘陵茶;通用,3
遮阴,促进,持嫩性,遮光后茶叶茶多酚、粗纤维含量减少，叶绿素、咖啡碱、氨基酸含量增加 ，茶叶的持嫩性增加、苦涩味减少、鲜爽度提高颜色要较对照绿，绿茶的品质得到提高;遮阴使茶树叶片变薄、叶张增大、含水率提高等表明遮阴能够改变叶片的组织结构，增强鲜叶的持嫩性 ;遮荫后，茶叶茶多酚、粗纤维含量减少，相比对照，茶多酚最高减少13.45%，粗纤维最多减少56.4%:叶绿素、咖啡碱、氨基酸含量增加，相比对照，三者的增加最大值分别为40.65%、18.80%和15.99%。故遮荫后茶叶的持嫩性增加、苦涩味减少、鲜爽度提高，颜色较对照绿，绿茶的品质得到提高。,生境管理对亚热带丘陵茶园生态环境与茶叶品质的影响;影响茶树生长和茶叶品质的主要环境因子及其适应机制;茶园遮荫栽培与茶叶品质相关性机理的研究,亚热带丘陵茶;通用,3
遮阴,抑制,粗纤维,遮荫后，茶叶茶多酚、粗纤维含量减少，相比对照，茶多酚最高减少13.45%，粗纤维最多减少56.4%:叶绿素、咖啡碱、氨基酸含量增加，相比对照，三者的增加最大值分别为40.65%、18.80%和15.95%。故遮荫后茶叶的持嫩性增加、苦涩味减少、鲜爽度提高，颜色较对照绿，绿茶的品质得到提高。,茶园遮荫栽培与茶叶品质相关性机理的研究,亚热带丘陵茶,1
遮阴,抑制,粗纤维含量,遮光后茶叶茶多酚、粗纤维含量减少，叶绿素、咖啡碱、氨基酸含量增加 ，茶叶的持嫩性增加、苦涩味减少、鲜爽度提高颜色要较对照绿，绿茶的品质得到提高,生境管理对亚热带丘陵茶园生态环境与茶叶品质的影响,亚热带丘陵茶,1
遮阴,促进,对照绿,遮光后茶叶茶多酚、粗纤维含量减少，叶绿素、咖啡碱、氨基酸含量增加 ，茶叶的持嫩性增加、苦涩味减少、鲜爽度提高颜色要较对照绿，绿茶的品质得到提高;遮荫后，茶叶茶多酚、粗纤维含量减少，相比对照，茶多酚最高减少13.45%，粗纤维最多减少56.4%:叶绿素、咖啡碱、氨基酸含量增加，相比对照，三者的增加最大值分别为40.65%、18.80%和15.102%。故遮荫后茶叶的持嫩性增加、苦涩味减少、鲜爽度提高，颜色较对照绿，绿茶的品质得到提高。,生境管理对亚热带丘陵茶园生态环境与茶叶品质的影响;茶园遮荫栽培与茶叶品质相关性机理的研究,亚热带丘陵茶,2
遮阴,促进,儿茶素,"遮荫有利于茶树简单儿茶素的积累，‘福鼎大白茶’、‘三花1951’在遮蔽栽培后，苦涩味指数下降17.99%、12.27%，对于春末绿茶出现“鲜爽”感官品质具有重要贡献;遮荫后,2个品种鲜叶试样的水浸出物、儿茶素、咖啡碱、氨基酸含量显著增加,",四川茶区遮荫栽培对绿茶产量及制茶品质的综合影响,四川绿茶/通用;四川绿茶/福鼎大白茶/三花,2
遮阴,促进,谷氨酸,"茶园遮阴使辐射到茶树冠层的蓝紫光增加，有利于茶叶中茶氨酸和谷氨[26,28]酸等的合成，使茶的滋味更为醇厚",影响茶树生长和茶叶品质的主要环境因子及其适应机制,通用,1
遮阴,促进,咖啡碱,"遮荫后,2个品种鲜叶试样的水浸出物、儿茶素、咖啡碱、氨基酸含量显著增加,;遮光后茶叶茶多酚、粗纤维含量减少，叶绿素、咖啡碱、氨基酸含量增加 ，茶叶的持嫩性增加、苦涩味减少、鲜爽度提高颜色要较对照绿，绿茶的品质得到提高;张文锦等 研究发现，茶园遮阴能促进咖啡碱的生成和积累，且在一定范围内遮阴率与咖啡碱的生成量成正比。;遮荫后，茶叶茶多酚、粗纤维含量减少，相比对照，茶多酚最高减少13.45%，粗纤维最多减少56.4%:叶绿素、咖啡碱、氨基酸含量增加，相比对照，三者的增加最大值分别为40.65%、18.80%和15.97%。故遮荫后茶叶的持嫩性增加、苦涩味减少、鲜爽度提高，颜色较对照绿，绿茶的品质得到提高。",四川茶区遮荫栽培对绿茶产量及制茶品质的综合影响;生境管理对亚热带丘陵茶园生态环境与茶叶品质的影响;影响茶树生长和茶叶品质的主要环境因子及其适应机制;茶园遮荫栽培与茶叶品质相关性机理的研究,四川绿茶/福鼎大白茶/三花;亚热带丘陵茶;通用,4
遮阴,促进,可溶性糖,"遮荫后,可溶性糖的增量较小",四川茶区遮荫栽培对绿茶产量及制茶品质的综合影响,四川绿茶,1
遮阴,抑制,苦涩味,遮光后茶叶茶多酚、粗纤维含量减少，叶绿素、咖啡碱、氨基酸含量增加 ，茶叶的持嫩性增加、苦涩味减少、鲜爽度提高颜色要较对照绿，绿茶的品质得到提高;遮荫后，茶叶茶多酚、粗纤维含量减少，相比对照，茶多酚最高减少13.45%，粗纤维最多减少56.4%:叶绿素、咖啡碱、氨基酸含量增加，相比对照，三者的增加最大值分别为40.65%、18.80%和15.100%。故遮荫后茶叶的持嫩性增加、苦涩味减少、鲜爽度提高，颜色较对照绿，绿茶的品质得到提高。,生境管理对亚热带丘陵茶园生态环境与茶叶品质的影响;茶园遮荫栽培与茶叶品质相关性机理的研究,亚热带丘陵茶,2
遮阴,促进,绿尚亮,"遮荫后叶底差异明显,均由黄绿尚亮转为绿尚亮。",四川茶区遮荫栽培对绿茶产量及制茶品质的综合影响,四川绿茶,1
遮阴,促进,深绿,"外形上,遮荫采制茶样的色泽均为深绿。",四川茶区遮荫栽培对绿茶产量及制茶品质的综合影响,四川绿茶,1
遮阴,促进,水浸出物,"遮荫后,2个品种鲜叶试样的水浸出物、儿茶素、咖啡碱、氨基酸含量显著增加,;肖润林等四研究表明,随遮荫程度的提高，茶叶中氨基酸、水浸出物显著提高。",四川茶区遮荫栽培对绿茶产量及制茶品质的综合影响;南京地区大棚茶园小气候特征及对茶青产量和品质效应,四川绿茶/福鼎大白茶/三花;南京绿茶,2
遮阴,抑制,汤色,"汤色上,遮荫后的评分均略有下降。",四川茶区遮荫栽培对绿茶产量及制茶品质的综合影响,四川绿茶/福鼎大白茶,1
遮阴,促进,甜,"遮荫后,FF与F相比,甜味、甜略苦、苦略甜、甜而回味苦有增加趋势,分别增加 0.02%、0.23%、0.99%、1.84%",四川茶区遮荫栽培对绿茶产量及制茶品质的综合影响,四川绿茶/福鼎大白茶,1
遮阴,促进,鲜爽,"与S相比;遮荫后FS鲜爽味增加了3.05%,而甜味、甜略苦、苦味、苦略甜、甜而回味苦呈下降趋势,分别下降了1.53%、0.24%、0.01%、0.96%、0.31%。;遮荫后的滋味表现为鲜爽或较鲜爽,其中FF滋味表现为“鲜爽”,可能是因为遮荫使得游离氨基酸含量上升。",四川茶区遮荫栽培对绿茶产量及制茶品质的综合影响,四川绿茶/三花1591;四川绿茶/福鼎大白茶,2
遮阴,促进,香气持久,遮荫后FF香气更为持久。,四川茶区遮荫栽培对绿茶产量及制茶品质的综合影响,四川绿茶/福鼎大白茶,1
遮阴,促进,叶绿素,遮光后茶叶茶多酚、粗纤维含量减少，叶绿素、咖啡碱、氨基酸含量增加 ，茶叶的持嫩性增加、苦涩味减少、鲜爽度提高颜色要较对照绿，绿茶的品质得到提高;茶园适度遮阴能够提高茶叶中叶绿素的含量，且增加量与遮阴度成正比B。;遮荫后，茶叶茶多酚、粗纤维含量减少，相比对照，茶多酚最高减少13.45%，粗纤维最多减少56.4%:叶绿素、咖啡碱、氨基酸含量增加，相比对照，三者的增加最大值分别为40.65%、18.80%和15.96%。故遮荫后茶叶的持嫩性增加、苦涩味减少、鲜爽度提高，颜色较对照绿，绿茶的品质得到提高。,生境管理对亚热带丘陵茶园生态环境与茶叶品质的影响;影响茶树生长和茶叶品质的主要环境因子及其适应机制;茶园遮荫栽培与茶叶品质相关性机理的研究,亚热带丘陵茶;通用,3
紫光,促进, ECG ,红光、紫光和蓝光处理可降低 ECG 等组分的含量,影响茶树生长和茶叶品质的主要环境因子及其适应机制,通用,1
组氨酸,促进,苦略甜,表9 遮荫处理下鲜叶的游离氨基酸组分分析,四川茶区遮荫栽培对绿茶产量及制茶品质的综合影响,通用,1
